ISO-10303-21;
HEADER;
/* Generated by software containing ST-Developer
 * from STEP Tools, Inc. (www.steptools.com) 
 */

FILE_DESCRIPTION(
/* description */ (''),
/* implementation_level */ '2;1');

FILE_NAME(
/* name */ 'base.step',
/* time_stamp */ '2026-08-23T19:09:45+05:30',
/* author */ (''),
/* organization */ (''),
/* preprocessor_version */ 'ST-DEVELOPER v20.1',
/* originating_system */ 'Autodesk Translation Framework v15.8.0.0',
/* authorisation */ '');

FILE_SCHEMA (('AUTOMOTIVE_DESIGN { 1 0 10303 214 3 1 1 }'));
ENDSEC;

DATA;
#10=MECHANICAL_DESIGN_GEOMETRIC_PRESENTATION_REPRESENTATION('',(#13,#14,
#15,#16,#17,#18,#19,#20,#21,#22,#23,#24,#25),#3825);
#11=SHAPE_REPRESENTATION_RELATIONSHIP('SRR','None',#3832,#12);
#12=ADVANCED_BREP_SHAPE_REPRESENTATION('',(#26,#27,#28,#29,#30,#31,#32,
#33,#34,#35,#36,#37,#38),#3824);
#13=STYLED_ITEM('',(#3841),#26);
#14=STYLED_ITEM('',(#3841),#27);
#15=STYLED_ITEM('',(#3841),#28);
#16=STYLED_ITEM('',(#3841),#29);
#17=STYLED_ITEM('',(#3841),#30);
#18=STYLED_ITEM('',(#3841),#31);
#19=STYLED_ITEM('',(#3841),#32);
#20=STYLED_ITEM('',(#3841),#33);
#21=STYLED_ITEM('',(#3841),#34);
#22=STYLED_ITEM('',(#3841),#35);
#23=STYLED_ITEM('',(#3841),#36);
#24=STYLED_ITEM('',(#3841),#37);
#25=STYLED_ITEM('',(#3841),#38);
#26=MANIFOLD_SOLID_BREP('Body1',#2273);
#27=MANIFOLD_SOLID_BREP('Body2',#2274);
#28=MANIFOLD_SOLID_BREP('Body3',#2275);
#29=MANIFOLD_SOLID_BREP('Body4',#2276);
#30=MANIFOLD_SOLID_BREP('Body5',#2277);
#31=MANIFOLD_SOLID_BREP('Body6',#2278);
#32=MANIFOLD_SOLID_BREP('Body7',#2279);
#33=MANIFOLD_SOLID_BREP('Body8',#2280);
#34=MANIFOLD_SOLID_BREP('Body9',#2281);
#35=MANIFOLD_SOLID_BREP('Body10',#2282);
#36=MANIFOLD_SOLID_BREP('Body11',#2283);
#37=MANIFOLD_SOLID_BREP('Body12',#2284);
#38=MANIFOLD_SOLID_BREP('Body13',#2285);
#39=FACE_BOUND('',#323,.T.);
#40=FACE_BOUND('',#324,.T.);
#41=FACE_BOUND('',#325,.T.);
#42=FACE_BOUND('',#326,.T.);
#43=FACE_BOUND('',#327,.T.);
#44=FACE_BOUND('',#328,.T.);
#45=FACE_BOUND('',#329,.T.);
#46=FACE_BOUND('',#330,.T.);
#47=FACE_BOUND('',#331,.T.);
#48=FACE_BOUND('',#332,.T.);
#49=FACE_BOUND('',#333,.T.);
#50=FACE_BOUND('',#334,.T.);
#51=FACE_BOUND('',#335,.T.);
#52=FACE_BOUND('',#368,.T.);
#53=FACE_BOUND('',#369,.T.);
#54=FACE_BOUND('',#370,.T.);
#55=FACE_BOUND('',#371,.T.);
#56=FACE_BOUND('',#372,.T.);
#57=FACE_BOUND('',#373,.T.);
#58=FACE_BOUND('',#374,.T.);
#59=FACE_BOUND('',#375,.T.);
#60=FACE_BOUND('',#376,.T.);
#61=FACE_BOUND('',#377,.T.);
#62=FACE_BOUND('',#378,.T.);
#63=FACE_BOUND('',#379,.T.);
#64=FACE_BOUND('',#380,.T.);
#65=FACE_BOUND('',#384,.T.);
#66=FACE_BOUND('',#386,.T.);
#67=FACE_BOUND('',#390,.T.);
#68=FACE_BOUND('',#392,.T.);
#69=FACE_BOUND('',#396,.T.);
#70=FACE_BOUND('',#398,.T.);
#71=FACE_BOUND('',#402,.T.);
#72=FACE_BOUND('',#404,.T.);
#73=FACE_BOUND('',#408,.T.);
#74=FACE_BOUND('',#410,.T.);
#75=FACE_BOUND('',#414,.T.);
#76=FACE_BOUND('',#416,.T.);
#77=FACE_BOUND('',#420,.T.);
#78=FACE_BOUND('',#422,.T.);
#79=FACE_BOUND('',#426,.T.);
#80=FACE_BOUND('',#428,.T.);
#81=PLANE('',#2323);
#82=PLANE('',#2324);
#83=PLANE('',#2325);
#84=PLANE('',#2326);
#85=PLANE('',#2327);
#86=PLANE('',#2328);
#87=PLANE('',#2329);
#88=PLANE('',#2330);
#89=PLANE('',#2331);
#90=PLANE('',#2332);
#91=PLANE('',#2333);
#92=PLANE('',#2334);
#93=PLANE('',#2335);
#94=PLANE('',#2336);
#95=PLANE('',#2337);
#96=PLANE('',#2338);
#97=PLANE('',#2339);
#98=PLANE('',#2340);
#99=PLANE('',#2341);
#100=PLANE('',#2342);
#101=PLANE('',#2343);
#102=PLANE('',#2344);
#103=PLANE('',#2345);
#104=PLANE('',#2346);
#105=PLANE('',#2347);
#106=PLANE('',#2348);
#107=PLANE('',#2365);
#108=PLANE('',#2368);
#109=PLANE('',#2371);
#110=PLANE('',#2374);
#111=PLANE('',#2377);
#112=PLANE('',#2380);
#113=PLANE('',#2383);
#114=PLANE('',#2386);
#115=PLANE('',#2389);
#116=PLANE('',#2394);
#117=PLANE('',#2397);
#118=PLANE('',#2400);
#119=PLANE('',#2403);
#120=PLANE('',#2406);
#121=PLANE('',#2409);
#122=PLANE('',#2412);
#123=PLANE('',#2419);
#124=PLANE('',#2420);
#125=PLANE('',#2427);
#126=PLANE('',#2428);
#127=PLANE('',#2435);
#128=PLANE('',#2436);
#129=PLANE('',#2443);
#130=PLANE('',#2444);
#131=PLANE('',#2451);
#132=PLANE('',#2452);
#133=PLANE('',#2459);
#134=PLANE('',#2460);
#135=PLANE('',#2467);
#136=PLANE('',#2468);
#137=PLANE('',#2475);
#138=PLANE('',#2476);
#139=PLANE('',#2480);
#140=PLANE('',#2484);
#141=PLANE('',#2485);
#142=PLANE('',#2486);
#143=PLANE('',#2487);
#144=PLANE('',#2488);
#145=PLANE('',#2492);
#146=PLANE('',#2496);
#147=PLANE('',#2497);
#148=PLANE('',#2498);
#149=PLANE('',#2499);
#150=PLANE('',#2500);
#151=PLANE('',#2504);
#152=PLANE('',#2508);
#153=PLANE('',#2509);
#154=PLANE('',#2510);
#155=PLANE('',#2511);
#156=PLANE('',#2512);
#157=PLANE('',#2516);
#158=PLANE('',#2520);
#159=PLANE('',#2521);
#160=PLANE('',#2522);
#161=FACE_OUTER_BOUND('',#289,.T.);
#162=FACE_OUTER_BOUND('',#290,.T.);
#163=FACE_OUTER_BOUND('',#291,.T.);
#164=FACE_OUTER_BOUND('',#292,.T.);
#165=FACE_OUTER_BOUND('',#293,.T.);
#166=FACE_OUTER_BOUND('',#294,.T.);
#167=FACE_OUTER_BOUND('',#295,.T.);
#168=FACE_OUTER_BOUND('',#296,.T.);
#169=FACE_OUTER_BOUND('',#297,.T.);
#170=FACE_OUTER_BOUND('',#298,.T.);
#171=FACE_OUTER_BOUND('',#299,.T.);
#172=FACE_OUTER_BOUND('',#300,.T.);
#173=FACE_OUTER_BOUND('',#301,.T.);
#174=FACE_OUTER_BOUND('',#302,.T.);
#175=FACE_OUTER_BOUND('',#303,.T.);
#176=FACE_OUTER_BOUND('',#304,.T.);
#177=FACE_OUTER_BOUND('',#305,.T.);
#178=FACE_OUTER_BOUND('',#306,.T.);
#179=FACE_OUTER_BOUND('',#307,.T.);
#180=FACE_OUTER_BOUND('',#308,.T.);
#181=FACE_OUTER_BOUND('',#309,.T.);
#182=FACE_OUTER_BOUND('',#310,.T.);
#183=FACE_OUTER_BOUND('',#311,.T.);
#184=FACE_OUTER_BOUND('',#312,.T.);
#185=FACE_OUTER_BOUND('',#313,.T.);
#186=FACE_OUTER_BOUND('',#314,.T.);
#187=FACE_OUTER_BOUND('',#315,.T.);
#188=FACE_OUTER_BOUND('',#316,.T.);
#189=FACE_OUTER_BOUND('',#317,.T.);
#190=FACE_OUTER_BOUND('',#318,.T.);
#191=FACE_OUTER_BOUND('',#319,.T.);
#192=FACE_OUTER_BOUND('',#320,.T.);
#193=FACE_OUTER_BOUND('',#321,.T.);
#194=FACE_OUTER_BOUND('',#322,.T.);
#195=FACE_OUTER_BOUND('',#336,.T.);
#196=FACE_OUTER_BOUND('',#337,.T.);
#197=FACE_OUTER_BOUND('',#338,.T.);
#198=FACE_OUTER_BOUND('',#339,.T.);
#199=FACE_OUTER_BOUND('',#340,.T.);
#200=FACE_OUTER_BOUND('',#341,.T.);
#201=FACE_OUTER_BOUND('',#342,.T.);
#202=FACE_OUTER_BOUND('',#343,.T.);
#203=FACE_OUTER_BOUND('',#344,.T.);
#204=FACE_OUTER_BOUND('',#345,.T.);
#205=FACE_OUTER_BOUND('',#346,.T.);
#206=FACE_OUTER_BOUND('',#347,.T.);
#207=FACE_OUTER_BOUND('',#348,.T.);
#208=FACE_OUTER_BOUND('',#349,.T.);
#209=FACE_OUTER_BOUND('',#350,.T.);
#210=FACE_OUTER_BOUND('',#351,.T.);
#211=FACE_OUTER_BOUND('',#352,.T.);
#212=FACE_OUTER_BOUND('',#353,.T.);
#213=FACE_OUTER_BOUND('',#354,.T.);
#214=FACE_OUTER_BOUND('',#355,.T.);
#215=FACE_OUTER_BOUND('',#356,.T.);
#216=FACE_OUTER_BOUND('',#357,.T.);
#217=FACE_OUTER_BOUND('',#358,.T.);
#218=FACE_OUTER_BOUND('',#359,.T.);
#219=FACE_OUTER_BOUND('',#360,.T.);
#220=FACE_OUTER_BOUND('',#361,.T.);
#221=FACE_OUTER_BOUND('',#362,.T.);
#222=FACE_OUTER_BOUND('',#363,.T.);
#223=FACE_OUTER_BOUND('',#364,.T.);
#224=FACE_OUTER_BOUND('',#365,.T.);
#225=FACE_OUTER_BOUND('',#366,.T.);
#226=FACE_OUTER_BOUND('',#367,.T.);
#227=FACE_OUTER_BOUND('',#381,.T.);
#228=FACE_OUTER_BOUND('',#382,.T.);
#229=FACE_OUTER_BOUND('',#383,.T.);
#230=FACE_OUTER_BOUND('',#385,.T.);
#231=FACE_OUTER_BOUND('',#387,.T.);
#232=FACE_OUTER_BOUND('',#388,.T.);
#233=FACE_OUTER_BOUND('',#389,.T.);
#234=FACE_OUTER_BOUND('',#391,.T.);
#235=FACE_OUTER_BOUND('',#393,.T.);
#236=FACE_OUTER_BOUND('',#394,.T.);
#237=FACE_OUTER_BOUND('',#395,.T.);
#238=FACE_OUTER_BOUND('',#397,.T.);
#239=FACE_OUTER_BOUND('',#399,.T.);
#240=FACE_OUTER_BOUND('',#400,.T.);
#241=FACE_OUTER_BOUND('',#401,.T.);
#242=FACE_OUTER_BOUND('',#403,.T.);
#243=FACE_OUTER_BOUND('',#405,.T.);
#244=FACE_OUTER_BOUND('',#406,.T.);
#245=FACE_OUTER_BOUND('',#407,.T.);
#246=FACE_OUTER_BOUND('',#409,.T.);
#247=FACE_OUTER_BOUND('',#411,.T.);
#248=FACE_OUTER_BOUND('',#412,.T.);
#249=FACE_OUTER_BOUND('',#413,.T.);
#250=FACE_OUTER_BOUND('',#415,.T.);
#251=FACE_OUTER_BOUND('',#417,.T.);
#252=FACE_OUTER_BOUND('',#418,.T.);
#253=FACE_OUTER_BOUND('',#419,.T.);
#254=FACE_OUTER_BOUND('',#421,.T.);
#255=FACE_OUTER_BOUND('',#423,.T.);
#256=FACE_OUTER_BOUND('',#424,.T.);
#257=FACE_OUTER_BOUND('',#425,.T.);
#258=FACE_OUTER_BOUND('',#427,.T.);
#259=FACE_OUTER_BOUND('',#429,.T.);
#260=FACE_OUTER_BOUND('',#430,.T.);
#261=FACE_OUTER_BOUND('',#431,.T.);
#262=FACE_OUTER_BOUND('',#432,.T.);
#263=FACE_OUTER_BOUND('',#433,.T.);
#264=FACE_OUTER_BOUND('',#434,.T.);
#265=FACE_OUTER_BOUND('',#435,.T.);
#266=FACE_OUTER_BOUND('',#436,.T.);
#267=FACE_OUTER_BOUND('',#437,.T.);
#268=FACE_OUTER_BOUND('',#438,.T.);
#269=FACE_OUTER_BOUND('',#439,.T.);
#270=FACE_OUTER_BOUND('',#440,.T.);
#271=FACE_OUTER_BOUND('',#441,.T.);
#272=FACE_OUTER_BOUND('',#442,.T.);
#273=FACE_OUTER_BOUND('',#443,.T.);
#274=FACE_OUTER_BOUND('',#444,.T.);
#275=FACE_OUTER_BOUND('',#445,.T.);
#276=FACE_OUTER_BOUND('',#446,.T.);
#277=FACE_OUTER_BOUND('',#447,.T.);
#278=FACE_OUTER_BOUND('',#448,.T.);
#279=FACE_OUTER_BOUND('',#449,.T.);
#280=FACE_OUTER_BOUND('',#450,.T.);
#281=FACE_OUTER_BOUND('',#451,.T.);
#282=FACE_OUTER_BOUND('',#452,.T.);
#283=FACE_OUTER_BOUND('',#453,.T.);
#284=FACE_OUTER_BOUND('',#454,.T.);
#285=FACE_OUTER_BOUND('',#455,.T.);
#286=FACE_OUTER_BOUND('',#456,.T.);
#287=FACE_OUTER_BOUND('',#457,.T.);
#288=FACE_OUTER_BOUND('',#458,.T.);
#289=EDGE_LOOP('',(#1485,#1486,#1487,#1488));
#290=EDGE_LOOP('',(#1489,#1490,#1491,#1492));
#291=EDGE_LOOP('',(#1493,#1494,#1495,#1496));
#292=EDGE_LOOP('',(#1497,#1498,#1499,#1500));
#293=EDGE_LOOP('',(#1501,#1502,#1503,#1504));
#294=EDGE_LOOP('',(#1505,#1506,#1507,#1508));
#295=EDGE_LOOP('',(#1509,#1510,#1511,#1512));
#296=EDGE_LOOP('',(#1513,#1514,#1515,#1516));
#297=EDGE_LOOP('',(#1517,#1518,#1519,#1520));
#298=EDGE_LOOP('',(#1521,#1522,#1523,#1524));
#299=EDGE_LOOP('',(#1525,#1526,#1527,#1528));
#300=EDGE_LOOP('',(#1529,#1530,#1531,#1532));
#301=EDGE_LOOP('',(#1533,#1534,#1535,#1536));
#302=EDGE_LOOP('',(#1537,#1538,#1539,#1540));
#303=EDGE_LOOP('',(#1541,#1542,#1543,#1544));
#304=EDGE_LOOP('',(#1545,#1546,#1547,#1548));
#305=EDGE_LOOP('',(#1549,#1550,#1551,#1552));
#306=EDGE_LOOP('',(#1553,#1554,#1555,#1556));
#307=EDGE_LOOP('',(#1557,#1558,#1559,#1560));
#308=EDGE_LOOP('',(#1561,#1562,#1563,#1564));
#309=EDGE_LOOP('',(#1565,#1566,#1567,#1568));
#310=EDGE_LOOP('',(#1569,#1570,#1571,#1572));
#311=EDGE_LOOP('',(#1573,#1574,#1575,#1576));
#312=EDGE_LOOP('',(#1577,#1578,#1579,#1580));
#313=EDGE_LOOP('',(#1581,#1582,#1583,#1584));
#314=EDGE_LOOP('',(#1585,#1586,#1587,#1588));
#315=EDGE_LOOP('',(#1589,#1590,#1591,#1592));
#316=EDGE_LOOP('',(#1593,#1594,#1595,#1596));
#317=EDGE_LOOP('',(#1597,#1598,#1599,#1600));
#318=EDGE_LOOP('',(#1601,#1602,#1603,#1604));
#319=EDGE_LOOP('',(#1605,#1606,#1607,#1608));
#320=EDGE_LOOP('',(#1609,#1610,#1611,#1612));
#321=EDGE_LOOP('',(#1613,#1614,#1615,#1616));
#322=EDGE_LOOP('',(#1617,#1618,#1619,#1620,#1621,#1622,#1623,#1624,#1625,
#1626,#1627,#1628,#1629,#1630,#1631,#1632,#1633,#1634,#1635,#1636,#1637,
#1638,#1639,#1640,#1641,#1642,#1643,#1644,#1645,#1646,#1647,#1648));
#323=EDGE_LOOP('',(#1649,#1650,#1651,#1652));
#324=EDGE_LOOP('',(#1653,#1654,#1655,#1656));
#325=EDGE_LOOP('',(#1657,#1658,#1659,#1660));
#326=EDGE_LOOP('',(#1661,#1662,#1663,#1664));
#327=EDGE_LOOP('',(#1665,#1666,#1667,#1668,#1669,#1670,#1671,#1672));
#328=EDGE_LOOP('',(#1673));
#329=EDGE_LOOP('',(#1674));
#330=EDGE_LOOP('',(#1675));
#331=EDGE_LOOP('',(#1676));
#332=EDGE_LOOP('',(#1677));
#333=EDGE_LOOP('',(#1678));
#334=EDGE_LOOP('',(#1679));
#335=EDGE_LOOP('',(#1680));
#336=EDGE_LOOP('',(#1681,#1682,#1683,#1684));
#337=EDGE_LOOP('',(#1685,#1686,#1687,#1688));
#338=EDGE_LOOP('',(#1689,#1690,#1691,#1692));
#339=EDGE_LOOP('',(#1693,#1694,#1695,#1696));
#340=EDGE_LOOP('',(#1697,#1698,#1699,#1700));
#341=EDGE_LOOP('',(#1701,#1702,#1703,#1704));
#342=EDGE_LOOP('',(#1705,#1706,#1707,#1708));
#343=EDGE_LOOP('',(#1709,#1710,#1711,#1712));
#344=EDGE_LOOP('',(#1713,#1714,#1715,#1716));
#345=EDGE_LOOP('',(#1717,#1718,#1719,#1720));
#346=EDGE_LOOP('',(#1721,#1722,#1723,#1724));
#347=EDGE_LOOP('',(#1725,#1726,#1727,#1728));
#348=EDGE_LOOP('',(#1729,#1730,#1731,#1732));
#349=EDGE_LOOP('',(#1733,#1734,#1735,#1736));
#350=EDGE_LOOP('',(#1737,#1738,#1739,#1740));
#351=EDGE_LOOP('',(#1741,#1742,#1743,#1744));
#352=EDGE_LOOP('',(#1745,#1746,#1747,#1748));
#353=EDGE_LOOP('',(#1749,#1750,#1751,#1752));
#354=EDGE_LOOP('',(#1753,#1754,#1755,#1756));
#355=EDGE_LOOP('',(#1757,#1758,#1759,#1760));
#356=EDGE_LOOP('',(#1761,#1762,#1763,#1764));
#357=EDGE_LOOP('',(#1765,#1766,#1767,#1768));
#358=EDGE_LOOP('',(#1769,#1770,#1771,#1772));
#359=EDGE_LOOP('',(#1773,#1774,#1775,#1776));
#360=EDGE_LOOP('',(#1777,#1778,#1779,#1780));
#361=EDGE_LOOP('',(#1781,#1782,#1783,#1784));
#362=EDGE_LOOP('',(#1785,#1786,#1787,#1788));
#363=EDGE_LOOP('',(#1789,#1790,#1791,#1792));
#364=EDGE_LOOP('',(#1793,#1794,#1795,#1796));
#365=EDGE_LOOP('',(#1797,#1798,#1799,#1800));
#366=EDGE_LOOP('',(#1801,#1802,#1803,#1804));
#367=EDGE_LOOP('',(#1805,#1806,#1807,#1808,#1809,#1810,#1811,#1812,#1813,
#1814,#1815,#1816,#1817,#1818,#1819,#1820,#1821,#1822,#1823,#1824,#1825,
#1826,#1827,#1828,#1829,#1830,#1831,#1832,#1833,#1834,#1835,#1836));
#368=EDGE_LOOP('',(#1837,#1838,#1839,#1840));
#369=EDGE_LOOP('',(#1841,#1842,#1843,#1844));
#370=EDGE_LOOP('',(#1845,#1846,#1847,#1848));
#371=EDGE_LOOP('',(#1849,#1850,#1851,#1852));
#372=EDGE_LOOP('',(#1853,#1854,#1855,#1856,#1857,#1858,#1859,#1860));
#373=EDGE_LOOP('',(#1861));
#374=EDGE_LOOP('',(#1862));
#375=EDGE_LOOP('',(#1863));
#376=EDGE_LOOP('',(#1864));
#377=EDGE_LOOP('',(#1865));
#378=EDGE_LOOP('',(#1866));
#379=EDGE_LOOP('',(#1867));
#380=EDGE_LOOP('',(#1868));
#381=EDGE_LOOP('',(#1869,#1870,#1871,#1872));
#382=EDGE_LOOP('',(#1873,#1874,#1875,#1876));
#383=EDGE_LOOP('',(#1877));
#384=EDGE_LOOP('',(#1878));
#385=EDGE_LOOP('',(#1879));
#386=EDGE_LOOP('',(#1880));
#387=EDGE_LOOP('',(#1881,#1882,#1883,#1884));
#388=EDGE_LOOP('',(#1885,#1886,#1887,#1888));
#389=EDGE_LOOP('',(#1889));
#390=EDGE_LOOP('',(#1890));
#391=EDGE_LOOP('',(#1891));
#392=EDGE_LOOP('',(#1892));
#393=EDGE_LOOP('',(#1893,#1894,#1895,#1896));
#394=EDGE_LOOP('',(#1897,#1898,#1899,#1900));
#395=EDGE_LOOP('',(#1901));
#396=EDGE_LOOP('',(#1902));
#397=EDGE_LOOP('',(#1903));
#398=EDGE_LOOP('',(#1904));
#399=EDGE_LOOP('',(#1905,#1906,#1907,#1908));
#400=EDGE_LOOP('',(#1909,#1910,#1911,#1912));
#401=EDGE_LOOP('',(#1913));
#402=EDGE_LOOP('',(#1914));
#403=EDGE_LOOP('',(#1915));
#404=EDGE_LOOP('',(#1916));
#405=EDGE_LOOP('',(#1917,#1918,#1919,#1920));
#406=EDGE_LOOP('',(#1921,#1922,#1923,#1924));
#407=EDGE_LOOP('',(#1925));
#408=EDGE_LOOP('',(#1926));
#409=EDGE_LOOP('',(#1927));
#410=EDGE_LOOP('',(#1928));
#411=EDGE_LOOP('',(#1929,#1930,#1931,#1932));
#412=EDGE_LOOP('',(#1933,#1934,#1935,#1936));
#413=EDGE_LOOP('',(#1937));
#414=EDGE_LOOP('',(#1938));
#415=EDGE_LOOP('',(#1939));
#416=EDGE_LOOP('',(#1940));
#417=EDGE_LOOP('',(#1941,#1942,#1943,#1944));
#418=EDGE_LOOP('',(#1945,#1946,#1947,#1948));
#419=EDGE_LOOP('',(#1949));
#420=EDGE_LOOP('',(#1950));
#421=EDGE_LOOP('',(#1951));
#422=EDGE_LOOP('',(#1952));
#423=EDGE_LOOP('',(#1953,#1954,#1955,#1956));
#424=EDGE_LOOP('',(#1957,#1958,#1959,#1960));
#425=EDGE_LOOP('',(#1961));
#426=EDGE_LOOP('',(#1962));
#427=EDGE_LOOP('',(#1963));
#428=EDGE_LOOP('',(#1964));
#429=EDGE_LOOP('',(#1965,#1966,#1967,#1968));
#430=EDGE_LOOP('',(#1969,#1970,#1971,#1972));
#431=EDGE_LOOP('',(#1973,#1974,#1975,#1976));
#432=EDGE_LOOP('',(#1977,#1978,#1979,#1980));
#433=EDGE_LOOP('',(#1981,#1982,#1983,#1984));
#434=EDGE_LOOP('',(#1985,#1986,#1987,#1988));
#435=EDGE_LOOP('',(#1989,#1990,#1991,#1992));
#436=EDGE_LOOP('',(#1993,#1994,#1995,#1996));
#437=EDGE_LOOP('',(#1997,#1998,#1999,#2000));
#438=EDGE_LOOP('',(#2001,#2002,#2003,#2004));
#439=EDGE_LOOP('',(#2005,#2006,#2007,#2008));
#440=EDGE_LOOP('',(#2009,#2010,#2011,#2012));
#441=EDGE_LOOP('',(#2013,#2014,#2015,#2016));
#442=EDGE_LOOP('',(#2017,#2018,#2019,#2020,#2021,#2022,#2023));
#443=EDGE_LOOP('',(#2024,#2025,#2026,#2027,#2028,#2029,#2030));
#444=EDGE_LOOP('',(#2031,#2032,#2033,#2034));
#445=EDGE_LOOP('',(#2035,#2036,#2037,#2038));
#446=EDGE_LOOP('',(#2039,#2040,#2041,#2042));
#447=EDGE_LOOP('',(#2043,#2044,#2045,#2046));
#448=EDGE_LOOP('',(#2047,#2048,#2049,#2050));
#449=EDGE_LOOP('',(#2051,#2052,#2053,#2054));
#450=EDGE_LOOP('',(#2055,#2056,#2057,#2058));
#451=EDGE_LOOP('',(#2059,#2060,#2061,#2062,#2063,#2064,#2065));
#452=EDGE_LOOP('',(#2066,#2067,#2068,#2069,#2070,#2071,#2072));
#453=EDGE_LOOP('',(#2073,#2074,#2075,#2076));
#454=EDGE_LOOP('',(#2077,#2078,#2079,#2080));
#455=EDGE_LOOP('',(#2081,#2082,#2083,#2084));
#456=EDGE_LOOP('',(#2085,#2086,#2087,#2088));
#457=EDGE_LOOP('',(#2089,#2090,#2091,#2092));
#458=EDGE_LOOP('',(#2093,#2094,#2095,#2096));
#459=LINE('',#3188,#669);
#460=LINE('',#3194,#670);
#461=LINE('',#3200,#671);
#462=LINE('',#3206,#672);
#463=LINE('',#3212,#673);
#464=LINE('',#3218,#674);
#465=LINE('',#3224,#675);
#466=LINE('',#3230,#676);
#467=LINE('',#3235,#677);
#468=LINE('',#3237,#678);
#469=LINE('',#3239,#679);
#470=LINE('',#3240,#680);
#471=LINE('',#3243,#681);
#472=LINE('',#3245,#682);
#473=LINE('',#3246,#683);
#474=LINE('',#3249,#684);
#475=LINE('',#3251,#685);
#476=LINE('',#3252,#686);
#477=LINE('',#3254,#687);
#478=LINE('',#3255,#688);
#479=LINE('',#3259,#689);
#480=LINE('',#3261,#690);
#481=LINE('',#3263,#691);
#482=LINE('',#3264,#692);
#483=LINE('',#3267,#693);
#484=LINE('',#3269,#694);
#485=LINE('',#3270,#695);
#486=LINE('',#3273,#696);
#487=LINE('',#3275,#697);
#488=LINE('',#3276,#698);
#489=LINE('',#3278,#699);
#490=LINE('',#3279,#700);
#491=LINE('',#3283,#701);
#492=LINE('',#3285,#702);
#493=LINE('',#3287,#703);
#494=LINE('',#3288,#704);
#495=LINE('',#3291,#705);
#496=LINE('',#3293,#706);
#497=LINE('',#3294,#707);
#498=LINE('',#3297,#708);
#499=LINE('',#3299,#709);
#500=LINE('',#3300,#710);
#501=LINE('',#3302,#711);
#502=LINE('',#3303,#712);
#503=LINE('',#3307,#713);
#504=LINE('',#3309,#714);
#505=LINE('',#3311,#715);
#506=LINE('',#3312,#716);
#507=LINE('',#3315,#717);
#508=LINE('',#3317,#718);
#509=LINE('',#3318,#719);
#510=LINE('',#3321,#720);
#511=LINE('',#3323,#721);
#512=LINE('',#3324,#722);
#513=LINE('',#3326,#723);
#514=LINE('',#3327,#724);
#515=LINE('',#3331,#725);
#516=LINE('',#3333,#726);
#517=LINE('',#3335,#727);
#518=LINE('',#3336,#728);
#519=LINE('',#3340,#729);
#520=LINE('',#3342,#730);
#521=LINE('',#3344,#731);
#522=LINE('',#3345,#732);
#523=LINE('',#3349,#733);
#524=LINE('',#3351,#734);
#525=LINE('',#3353,#735);
#526=LINE('',#3354,#736);
#527=LINE('',#3358,#737);
#528=LINE('',#3360,#738);
#529=LINE('',#3362,#739);
#530=LINE('',#3363,#740);
#531=LINE('',#3366,#741);
#532=LINE('',#3368,#742);
#533=LINE('',#3369,#743);
#534=LINE('',#3372,#744);
#535=LINE('',#3374,#745);
#536=LINE('',#3375,#746);
#537=LINE('',#3378,#747);
#538=LINE('',#3380,#748);
#539=LINE('',#3381,#749);
#540=LINE('',#3384,#750);
#541=LINE('',#3386,#751);
#542=LINE('',#3387,#752);
#543=LINE('',#3390,#753);
#544=LINE('',#3392,#754);
#545=LINE('',#3393,#755);
#546=LINE('',#3396,#756);
#547=LINE('',#3400,#757);
#548=LINE('',#3404,#758);
#549=LINE('',#3407,#759);
#550=LINE('',#3411,#760);
#551=LINE('',#3415,#761);
#552=LINE('',#3418,#762);
#553=LINE('',#3422,#763);
#554=LINE('',#3426,#764);
#555=LINE('',#3431,#765);
#556=LINE('',#3435,#766);
#557=LINE('',#3439,#767);
#558=LINE('',#3443,#768);
#559=LINE('',#3447,#769);
#560=LINE('',#3451,#770);
#561=LINE('',#3455,#771);
#562=LINE('',#3457,#772);
#563=LINE('',#3458,#773);
#564=LINE('',#3461,#774);
#565=LINE('',#3465,#775);
#566=LINE('',#3466,#776);
#567=LINE('',#3469,#777);
#568=LINE('',#3473,#778);
#569=LINE('',#3474,#779);
#570=LINE('',#3477,#780);
#571=LINE('',#3481,#781);
#572=LINE('',#3482,#782);
#573=LINE('',#3487,#783);
#574=LINE('',#3489,#784);
#575=LINE('',#3490,#785);
#576=LINE('',#3494,#786);
#577=LINE('',#3497,#787);
#578=LINE('',#3498,#788);
#579=LINE('',#3503,#789);
#580=LINE('',#3504,#790);
#581=LINE('',#3508,#791);
#582=LINE('',#3511,#792);
#583=LINE('',#3512,#793);
#584=LINE('',#3516,#794);
#585=LINE('',#3519,#795);
#586=LINE('',#3520,#796);
#587=LINE('',#3526,#797);
#588=LINE('',#3529,#798);
#589=LINE('',#3530,#799);
#590=LINE('',#3534,#800);
#591=LINE('',#3537,#801);
#592=LINE('',#3538,#802);
#593=LINE('',#3543,#803);
#594=LINE('',#3544,#804);
#595=LINE('',#3548,#805);
#596=LINE('',#3551,#806);
#597=LINE('',#3552,#807);
#598=LINE('',#3556,#808);
#599=LINE('',#3559,#809);
#600=LINE('',#3560,#810);
#601=LINE('',#3565,#811);
#602=LINE('',#3566,#812);
#603=LINE('',#3574,#813);
#604=LINE('',#3580,#814);
#605=LINE('',#3588,#815);
#606=LINE('',#3594,#816);
#607=LINE('',#3602,#817);
#608=LINE('',#3608,#818);
#609=LINE('',#3616,#819);
#610=LINE('',#3622,#820);
#611=LINE('',#3630,#821);
#612=LINE('',#3636,#822);
#613=LINE('',#3644,#823);
#614=LINE('',#3650,#824);
#615=LINE('',#3658,#825);
#616=LINE('',#3664,#826);
#617=LINE('',#3672,#827);
#618=LINE('',#3678,#828);
#619=LINE('',#3687,#829);
#620=LINE('',#3690,#830);
#621=LINE('',#3693,#831);
#622=LINE('',#3695,#832);
#623=LINE('',#3696,#833);
#624=LINE('',#3702,#834);
#625=LINE('',#3704,#835);
#626=LINE('',#3705,#836);
#627=LINE('',#3711,#837);
#628=LINE('',#3713,#838);
#629=LINE('',#3715,#839);
#630=LINE('',#3716,#840);
#631=LINE('',#3719,#841);
#632=LINE('',#3721,#842);
#633=LINE('',#3722,#843);
#634=LINE('',#3728,#844);
#635=LINE('',#3731,#845);
#636=LINE('',#3733,#846);
#637=LINE('',#3734,#847);
#638=LINE('',#3740,#848);
#639=LINE('',#3743,#849);
#640=LINE('',#3745,#850);
#641=LINE('',#3746,#851);
#642=LINE('',#3748,#852);
#643=LINE('',#3749,#853);
#644=LINE('',#3755,#854);
#645=LINE('',#3757,#855);
#646=LINE('',#3759,#856);
#647=LINE('',#3760,#857);
#648=LINE('',#3766,#858);
#649=LINE('',#3769,#859);
#650=LINE('',#3771,#860);
#651=LINE('',#3772,#861);
#652=LINE('',#3778,#862);
#653=LINE('',#3781,#863);
#654=LINE('',#3783,#864);
#655=LINE('',#3784,#865);
#656=LINE('',#3787,#866);
#657=LINE('',#3789,#867);
#658=LINE('',#3790,#868);
#659=LINE('',#3792,#869);
#660=LINE('',#3793,#870);
#661=LINE('',#3801,#871);
#662=LINE('',#3804,#872);
#663=LINE('',#3807,#873);
#664=LINE('',#3809,#874);
#665=LINE('',#3810,#875);
#666=LINE('',#3816,#876);
#667=LINE('',#3818,#877);
#668=LINE('',#3819,#878);
#669=VECTOR('',#2529,1.);
#670=VECTOR('',#2536,0.999999999999996);
#671=VECTOR('',#2543,0.999999999999996);
#672=VECTOR('',#2550,1.00000001490116);
#673=VECTOR('',#2557,0.999999999999996);
#674=VECTOR('',#2564,1.);
#675=VECTOR('',#2571,0.999999999999996);
#676=VECTOR('',#2578,1.);
#677=VECTOR('',#2583,10.);
#678=VECTOR('',#2584,10.);
#679=VECTOR('',#2585,10.);
#680=VECTOR('',#2586,10.);
#681=VECTOR('',#2589,10.);
#682=VECTOR('',#2590,10.);
#683=VECTOR('',#2591,10.);
#684=VECTOR('',#2594,10.);
#685=VECTOR('',#2595,10.);
#686=VECTOR('',#2596,10.);
#687=VECTOR('',#2599,10.);
#688=VECTOR('',#2600,10.);
#689=VECTOR('',#2603,10.);
#690=VECTOR('',#2604,10.);
#691=VECTOR('',#2605,10.);
#692=VECTOR('',#2606,10.);
#693=VECTOR('',#2609,10.);
#694=VECTOR('',#2610,10.);
#695=VECTOR('',#2611,10.);
#696=VECTOR('',#2614,10.);
#697=VECTOR('',#2615,10.);
#698=VECTOR('',#2616,10.);
#699=VECTOR('',#2619,10.);
#700=VECTOR('',#2620,10.);
#701=VECTOR('',#2623,10.);
#702=VECTOR('',#2624,10.);
#703=VECTOR('',#2625,10.);
#704=VECTOR('',#2626,10.);
#705=VECTOR('',#2629,10.);
#706=VECTOR('',#2630,10.);
#707=VECTOR('',#2631,10.);
#708=VECTOR('',#2634,10.);
#709=VECTOR('',#2635,10.);
#710=VECTOR('',#2636,10.);
#711=VECTOR('',#2639,10.);
#712=VECTOR('',#2640,10.);
#713=VECTOR('',#2643,10.);
#714=VECTOR('',#2644,10.);
#715=VECTOR('',#2645,10.);
#716=VECTOR('',#2646,10.);
#717=VECTOR('',#2649,10.);
#718=VECTOR('',#2650,10.);
#719=VECTOR('',#2651,10.);
#720=VECTOR('',#2654,10.);
#721=VECTOR('',#2655,10.);
#722=VECTOR('',#2656,10.);
#723=VECTOR('',#2659,10.);
#724=VECTOR('',#2660,10.);
#725=VECTOR('',#2663,10.);
#726=VECTOR('',#2664,10.);
#727=VECTOR('',#2665,10.);
#728=VECTOR('',#2666,10.);
#729=VECTOR('',#2669,10.);
#730=VECTOR('',#2670,10.);
#731=VECTOR('',#2671,10.);
#732=VECTOR('',#2672,10.);
#733=VECTOR('',#2675,10.);
#734=VECTOR('',#2676,10.);
#735=VECTOR('',#2677,10.);
#736=VECTOR('',#2678,10.);
#737=VECTOR('',#2681,10.);
#738=VECTOR('',#2682,10.);
#739=VECTOR('',#2683,10.);
#740=VECTOR('',#2684,10.);
#741=VECTOR('',#2687,10.);
#742=VECTOR('',#2688,10.);
#743=VECTOR('',#2689,10.);
#744=VECTOR('',#2692,10.);
#745=VECTOR('',#2693,10.);
#746=VECTOR('',#2694,10.);
#747=VECTOR('',#2697,10.);
#748=VECTOR('',#2698,10.);
#749=VECTOR('',#2699,10.);
#750=VECTOR('',#2702,10.);
#751=VECTOR('',#2703,10.);
#752=VECTOR('',#2704,10.);
#753=VECTOR('',#2707,10.);
#754=VECTOR('',#2708,10.);
#755=VECTOR('',#2709,10.);
#756=VECTOR('',#2712,10.);
#757=VECTOR('',#2715,10.);
#758=VECTOR('',#2718,10.);
#759=VECTOR('',#2721,10.);
#760=VECTOR('',#2724,10.);
#761=VECTOR('',#2727,10.);
#762=VECTOR('',#2730,10.);
#763=VECTOR('',#2733,10.);
#764=VECTOR('',#2736,10.);
#765=VECTOR('',#2741,10.);
#766=VECTOR('',#2744,10.);
#767=VECTOR('',#2747,10.);
#768=VECTOR('',#2750,10.);
#769=VECTOR('',#2753,10.);
#770=VECTOR('',#2756,10.);
#771=VECTOR('',#2761,10.);
#772=VECTOR('',#2762,10.);
#773=VECTOR('',#2763,10.);
#774=VECTOR('',#2766,10.);
#775=VECTOR('',#2771,10.);
#776=VECTOR('',#2772,10.);
#777=VECTOR('',#2775,10.);
#778=VECTOR('',#2780,10.);
#779=VECTOR('',#2781,10.);
#780=VECTOR('',#2784,10.);
#781=VECTOR('',#2789,10.);
#782=VECTOR('',#2790,10.);
#783=VECTOR('',#2797,10.);
#784=VECTOR('',#2798,10.);
#785=VECTOR('',#2799,10.);
#786=VECTOR('',#2804,10.);
#787=VECTOR('',#2807,10.);
#788=VECTOR('',#2808,10.);
#789=VECTOR('',#2815,10.);
#790=VECTOR('',#2816,10.);
#791=VECTOR('',#2821,10.);
#792=VECTOR('',#2824,10.);
#793=VECTOR('',#2825,10.);
#794=VECTOR('',#2830,10.);
#795=VECTOR('',#2833,10.);
#796=VECTOR('',#2834,10.);
#797=VECTOR('',#2843,10.);
#798=VECTOR('',#2846,10.);
#799=VECTOR('',#2847,10.);
#800=VECTOR('',#2852,10.);
#801=VECTOR('',#2855,10.);
#802=VECTOR('',#2856,10.);
#803=VECTOR('',#2863,10.);
#804=VECTOR('',#2864,10.);
#805=VECTOR('',#2869,10.);
#806=VECTOR('',#2872,10.);
#807=VECTOR('',#2873,10.);
#808=VECTOR('',#2878,10.);
#809=VECTOR('',#2881,10.);
#810=VECTOR('',#2882,10.);
#811=VECTOR('',#2889,10.);
#812=VECTOR('',#2890,10.);
#813=VECTOR('',#2901,2.49999999999999);
#814=VECTOR('',#2908,3.50000000000001);
#815=VECTOR('',#2919,2.5);
#816=VECTOR('',#2926,3.5);
#817=VECTOR('',#2937,2.5);
#818=VECTOR('',#2944,3.5);
#819=VECTOR('',#2955,2.5);
#820=VECTOR('',#2962,3.50000000000001);
#821=VECTOR('',#2973,2.5);
#822=VECTOR('',#2980,3.5);
#823=VECTOR('',#2991,2.5);
#824=VECTOR('',#2998,3.5);
#825=VECTOR('',#3009,2.2360680108198);
#826=VECTOR('',#3016,3.60555132919089);
#827=VECTOR('',#3027,2.5);
#828=VECTOR('',#3034,3.5);
#829=VECTOR('',#3045,10.);
#830=VECTOR('',#3048,10.);
#831=VECTOR('',#3051,10.);
#832=VECTOR('',#3052,10.);
#833=VECTOR('',#3053,10.);
#834=VECTOR('',#3060,10.);
#835=VECTOR('',#3063,10.);
#836=VECTOR('',#3064,10.);
#837=VECTOR('',#3071,10.);
#838=VECTOR('',#3072,10.);
#839=VECTOR('',#3073,10.);
#840=VECTOR('',#3074,10.);
#841=VECTOR('',#3077,10.);
#842=VECTOR('',#3078,10.);
#843=VECTOR('',#3079,10.);
#844=VECTOR('',#3086,10.);
#845=VECTOR('',#3089,10.);
#846=VECTOR('',#3090,10.);
#847=VECTOR('',#3091,10.);
#848=VECTOR('',#3098,10.);
#849=VECTOR('',#3101,10.);
#850=VECTOR('',#3102,10.);
#851=VECTOR('',#3103,10.);
#852=VECTOR('',#3106,10.);
#853=VECTOR('',#3107,10.);
#854=VECTOR('',#3114,10.);
#855=VECTOR('',#3115,10.);
#856=VECTOR('',#3116,10.);
#857=VECTOR('',#3117,10.);
#858=VECTOR('',#3124,10.);
#859=VECTOR('',#3127,10.);
#860=VECTOR('',#3128,10.);
#861=VECTOR('',#3129,10.);
#862=VECTOR('',#3136,10.);
#863=VECTOR('',#3139,10.);
#864=VECTOR('',#3140,10.);
#865=VECTOR('',#3141,10.);
#866=VECTOR('',#3144,10.);
#867=VECTOR('',#3145,10.);
#868=VECTOR('',#3146,10.);
#869=VECTOR('',#3149,10.);
#870=VECTOR('',#3150,10.);
#871=VECTOR('',#3159,10.);
#872=VECTOR('',#3162,10.);
#873=VECTOR('',#3165,10.);
#874=VECTOR('',#3166,10.);
#875=VECTOR('',#3167,10.);
#876=VECTOR('',#3174,10.);
#877=VECTOR('',#3177,10.);
#878=VECTOR('',#3178,10.);
#879=CIRCLE('',#2300,1.);
#880=CIRCLE('',#2301,1.);
#881=CIRCLE('',#2303,0.999999999999996);
#882=CIRCLE('',#2304,0.999999999999996);
#883=CIRCLE('',#2306,0.999999999999996);
#884=CIRCLE('',#2307,0.999999999999996);
#885=CIRCLE('',#2309,1.00000001490116);
#886=CIRCLE('',#2310,1.00000001490116);
#887=CIRCLE('',#2312,0.999999999999996);
#888=CIRCLE('',#2313,0.999999999999996);
#889=CIRCLE('',#2315,1.);
#890=CIRCLE('',#2316,1.);
#891=CIRCLE('',#2318,0.999999999999996);
#892=CIRCLE('',#2319,0.999999999999996);
#893=CIRCLE('',#2321,1.);
#894=CIRCLE('',#2322,1.);
#895=CIRCLE('',#2349,5.);
#896=CIRCLE('',#2350,5.);
#897=CIRCLE('',#2351,5.);
#898=CIRCLE('',#2352,5.);
#899=CIRCLE('',#2353,5.);
#900=CIRCLE('',#2354,5.);
#901=CIRCLE('',#2355,5.);
#902=CIRCLE('',#2356,5.);
#903=CIRCLE('',#2357,5.);
#904=CIRCLE('',#2358,5.);
#905=CIRCLE('',#2359,5.);
#906=CIRCLE('',#2360,5.);
#907=CIRCLE('',#2361,4.99999999999999);
#908=CIRCLE('',#2362,4.99999999999999);
#909=CIRCLE('',#2363,5.);
#910=CIRCLE('',#2364,4.99999999999999);
#911=CIRCLE('',#2367,4.99999999999999);
#912=CIRCLE('',#2370,5.);
#913=CIRCLE('',#2373,4.99999999999999);
#914=CIRCLE('',#2376,4.99999999999999);
#915=CIRCLE('',#2379,5.);
#916=CIRCLE('',#2382,5.);
#917=CIRCLE('',#2385,5.);
#918=CIRCLE('',#2388,5.);
#919=CIRCLE('',#2391,5.);
#920=CIRCLE('',#2393,5.);
#921=CIRCLE('',#2396,5.);
#922=CIRCLE('',#2399,5.);
#923=CIRCLE('',#2402,5.);
#924=CIRCLE('',#2405,5.);
#925=CIRCLE('',#2408,5.);
#926=CIRCLE('',#2411,5.);
#927=CIRCLE('',#2414,2.49999999999999);
#928=CIRCLE('',#2415,2.49999999999999);
#929=CIRCLE('',#2417,3.50000000000001);
#930=CIRCLE('',#2418,3.50000000000001);
#931=CIRCLE('',#2422,2.5);
#932=CIRCLE('',#2423,2.5);
#933=CIRCLE('',#2425,3.5);
#934=CIRCLE('',#2426,3.5);
#935=CIRCLE('',#2430,2.5);
#936=CIRCLE('',#2431,2.5);
#937=CIRCLE('',#2433,3.5);
#938=CIRCLE('',#2434,3.5);
#939=CIRCLE('',#2438,2.5);
#940=CIRCLE('',#2439,2.5);
#941=CIRCLE('',#2441,3.50000000000001);
#942=CIRCLE('',#2442,3.50000000000001);
#943=CIRCLE('',#2446,2.5);
#944=CIRCLE('',#2447,2.5);
#945=CIRCLE('',#2449,3.5);
#946=CIRCLE('',#2450,3.5);
#947=CIRCLE('',#2454,2.5);
#948=CIRCLE('',#2455,2.5);
#949=CIRCLE('',#2457,3.5);
#950=CIRCLE('',#2458,3.5);
#951=CIRCLE('',#2462,2.2360680108198);
#952=CIRCLE('',#2463,2.2360680108198);
#953=CIRCLE('',#2465,3.60555132919089);
#954=CIRCLE('',#2466,3.60555132919089);
#955=CIRCLE('',#2470,2.5);
#956=CIRCLE('',#2471,2.5);
#957=CIRCLE('',#2473,3.5);
#958=CIRCLE('',#2474,3.5);
#959=CIRCLE('',#2478,5.);
#960=CIRCLE('',#2479,5.);
#961=CIRCLE('',#2482,5.);
#962=CIRCLE('',#2483,5.);
#963=CIRCLE('',#2490,5.);
#964=CIRCLE('',#2491,5.);
#965=CIRCLE('',#2494,5.);
#966=CIRCLE('',#2495,5.);
#967=CIRCLE('',#2502,5.);
#968=CIRCLE('',#2503,5.);
#969=CIRCLE('',#2506,5.);
#970=CIRCLE('',#2507,5.);
#971=CIRCLE('',#2514,5.);
#972=CIRCLE('',#2515,5.);
#973=CIRCLE('',#2518,5.);
#974=CIRCLE('',#2519,5.);
#975=VERTEX_POINT('',#3185);
#976=VERTEX_POINT('',#3187);
#977=VERTEX_POINT('',#3191);
#978=VERTEX_POINT('',#3193);
#979=VERTEX_POINT('',#3197);
#980=VERTEX_POINT('',#3199);
#981=VERTEX_POINT('',#3203);
#982=VERTEX_POINT('',#3205);
#983=VERTEX_POINT('',#3209);
#984=VERTEX_POINT('',#3211);
#985=VERTEX_POINT('',#3215);
#986=VERTEX_POINT('',#3217);
#987=VERTEX_POINT('',#3221);
#988=VERTEX_POINT('',#3223);
#989=VERTEX_POINT('',#3227);
#990=VERTEX_POINT('',#3229);
#991=VERTEX_POINT('',#3233);
#992=VERTEX_POINT('',#3234);
#993=VERTEX_POINT('',#3236);
#994=VERTEX_POINT('',#3238);
#995=VERTEX_POINT('',#3242);
#996=VERTEX_POINT('',#3244);
#997=VERTEX_POINT('',#3248);
#998=VERTEX_POINT('',#3250);
#999=VERTEX_POINT('',#3257);
#1000=VERTEX_POINT('',#3258);
#1001=VERTEX_POINT('',#3260);
#1002=VERTEX_POINT('',#3262);
#1003=VERTEX_POINT('',#3266);
#1004=VERTEX_POINT('',#3268);
#1005=VERTEX_POINT('',#3272);
#1006=VERTEX_POINT('',#3274);
#1007=VERTEX_POINT('',#3281);
#1008=VERTEX_POINT('',#3282);
#1009=VERTEX_POINT('',#3284);
#1010=VERTEX_POINT('',#3286);
#1011=VERTEX_POINT('',#3290);
#1012=VERTEX_POINT('',#3292);
#1013=VERTEX_POINT('',#3296);
#1014=VERTEX_POINT('',#3298);
#1015=VERTEX_POINT('',#3305);
#1016=VERTEX_POINT('',#3306);
#1017=VERTEX_POINT('',#3308);
#1018=VERTEX_POINT('',#3310);
#1019=VERTEX_POINT('',#3314);
#1020=VERTEX_POINT('',#3316);
#1021=VERTEX_POINT('',#3320);
#1022=VERTEX_POINT('',#3322);
#1023=VERTEX_POINT('',#3329);
#1024=VERTEX_POINT('',#3330);
#1025=VERTEX_POINT('',#3332);
#1026=VERTEX_POINT('',#3334);
#1027=VERTEX_POINT('',#3338);
#1028=VERTEX_POINT('',#3339);
#1029=VERTEX_POINT('',#3341);
#1030=VERTEX_POINT('',#3343);
#1031=VERTEX_POINT('',#3347);
#1032=VERTEX_POINT('',#3348);
#1033=VERTEX_POINT('',#3350);
#1034=VERTEX_POINT('',#3352);
#1035=VERTEX_POINT('',#3356);
#1036=VERTEX_POINT('',#3357);
#1037=VERTEX_POINT('',#3359);
#1038=VERTEX_POINT('',#3361);
#1039=VERTEX_POINT('',#3365);
#1040=VERTEX_POINT('',#3367);
#1041=VERTEX_POINT('',#3371);
#1042=VERTEX_POINT('',#3373);
#1043=VERTEX_POINT('',#3377);
#1044=VERTEX_POINT('',#3379);
#1045=VERTEX_POINT('',#3383);
#1046=VERTEX_POINT('',#3385);
#1047=VERTEX_POINT('',#3389);
#1048=VERTEX_POINT('',#3391);
#1049=VERTEX_POINT('',#3395);
#1050=VERTEX_POINT('',#3397);
#1051=VERTEX_POINT('',#3399);
#1052=VERTEX_POINT('',#3401);
#1053=VERTEX_POINT('',#3403);
#1054=VERTEX_POINT('',#3406);
#1055=VERTEX_POINT('',#3408);
#1056=VERTEX_POINT('',#3410);
#1057=VERTEX_POINT('',#3412);
#1058=VERTEX_POINT('',#3414);
#1059=VERTEX_POINT('',#3417);
#1060=VERTEX_POINT('',#3419);
#1061=VERTEX_POINT('',#3421);
#1062=VERTEX_POINT('',#3423);
#1063=VERTEX_POINT('',#3425);
#1064=VERTEX_POINT('',#3428);
#1065=VERTEX_POINT('',#3430);
#1066=VERTEX_POINT('',#3432);
#1067=VERTEX_POINT('',#3434);
#1068=VERTEX_POINT('',#3437);
#1069=VERTEX_POINT('',#3438);
#1070=VERTEX_POINT('',#3440);
#1071=VERTEX_POINT('',#3442);
#1072=VERTEX_POINT('',#3444);
#1073=VERTEX_POINT('',#3446);
#1074=VERTEX_POINT('',#3448);
#1075=VERTEX_POINT('',#3450);
#1076=VERTEX_POINT('',#3454);
#1077=VERTEX_POINT('',#3456);
#1078=VERTEX_POINT('',#3460);
#1079=VERTEX_POINT('',#3464);
#1080=VERTEX_POINT('',#3468);
#1081=VERTEX_POINT('',#3472);
#1082=VERTEX_POINT('',#3476);
#1083=VERTEX_POINT('',#3480);
#1084=VERTEX_POINT('',#3486);
#1085=VERTEX_POINT('',#3488);
#1086=VERTEX_POINT('',#3492);
#1087=VERTEX_POINT('',#3496);
#1088=VERTEX_POINT('',#3502);
#1089=VERTEX_POINT('',#3506);
#1090=VERTEX_POINT('',#3510);
#1091=VERTEX_POINT('',#3514);
#1092=VERTEX_POINT('',#3518);
#1093=VERTEX_POINT('',#3524);
#1094=VERTEX_POINT('',#3528);
#1095=VERTEX_POINT('',#3532);
#1096=VERTEX_POINT('',#3536);
#1097=VERTEX_POINT('',#3542);
#1098=VERTEX_POINT('',#3546);
#1099=VERTEX_POINT('',#3550);
#1100=VERTEX_POINT('',#3554);
#1101=VERTEX_POINT('',#3558);
#1102=VERTEX_POINT('',#3564);
#1103=VERTEX_POINT('',#3571);
#1104=VERTEX_POINT('',#3573);
#1105=VERTEX_POINT('',#3577);
#1106=VERTEX_POINT('',#3579);
#1107=VERTEX_POINT('',#3585);
#1108=VERTEX_POINT('',#3587);
#1109=VERTEX_POINT('',#3591);
#1110=VERTEX_POINT('',#3593);
#1111=VERTEX_POINT('',#3599);
#1112=VERTEX_POINT('',#3601);
#1113=VERTEX_POINT('',#3605);
#1114=VERTEX_POINT('',#3607);
#1115=VERTEX_POINT('',#3613);
#1116=VERTEX_POINT('',#3615);
#1117=VERTEX_POINT('',#3619);
#1118=VERTEX_POINT('',#3621);
#1119=VERTEX_POINT('',#3627);
#1120=VERTEX_POINT('',#3629);
#1121=VERTEX_POINT('',#3633);
#1122=VERTEX_POINT('',#3635);
#1123=VERTEX_POINT('',#3641);
#1124=VERTEX_POINT('',#3643);
#1125=VERTEX_POINT('',#3647);
#1126=VERTEX_POINT('',#3649);
#1127=VERTEX_POINT('',#3655);
#1128=VERTEX_POINT('',#3657);
#1129=VERTEX_POINT('',#3661);
#1130=VERTEX_POINT('',#3663);
#1131=VERTEX_POINT('',#3669);
#1132=VERTEX_POINT('',#3671);
#1133=VERTEX_POINT('',#3675);
#1134=VERTEX_POINT('',#3677);
#1135=VERTEX_POINT('',#3683);
#1136=VERTEX_POINT('',#3684);
#1137=VERTEX_POINT('',#3686);
#1138=VERTEX_POINT('',#3688);
#1139=VERTEX_POINT('',#3692);
#1140=VERTEX_POINT('',#3694);
#1141=VERTEX_POINT('',#3698);
#1142=VERTEX_POINT('',#3700);
#1143=VERTEX_POINT('',#3709);
#1144=VERTEX_POINT('',#3710);
#1145=VERTEX_POINT('',#3712);
#1146=VERTEX_POINT('',#3714);
#1147=VERTEX_POINT('',#3718);
#1148=VERTEX_POINT('',#3720);
#1149=VERTEX_POINT('',#3724);
#1150=VERTEX_POINT('',#3726);
#1151=VERTEX_POINT('',#3730);
#1152=VERTEX_POINT('',#3732);
#1153=VERTEX_POINT('',#3736);
#1154=VERTEX_POINT('',#3738);
#1155=VERTEX_POINT('',#3742);
#1156=VERTEX_POINT('',#3744);
#1157=VERTEX_POINT('',#3753);
#1158=VERTEX_POINT('',#3754);
#1159=VERTEX_POINT('',#3756);
#1160=VERTEX_POINT('',#3758);
#1161=VERTEX_POINT('',#3762);
#1162=VERTEX_POINT('',#3764);
#1163=VERTEX_POINT('',#3768);
#1164=VERTEX_POINT('',#3770);
#1165=VERTEX_POINT('',#3774);
#1166=VERTEX_POINT('',#3776);
#1167=VERTEX_POINT('',#3780);
#1168=VERTEX_POINT('',#3782);
#1169=VERTEX_POINT('',#3786);
#1170=VERTEX_POINT('',#3788);
#1171=VERTEX_POINT('',#3797);
#1172=VERTEX_POINT('',#3798);
#1173=VERTEX_POINT('',#3800);
#1174=VERTEX_POINT('',#3802);
#1175=VERTEX_POINT('',#3806);
#1176=VERTEX_POINT('',#3808);
#1177=VERTEX_POINT('',#3812);
#1178=VERTEX_POINT('',#3814);
#1179=EDGE_CURVE('',#975,#975,#879,.T.);
#1180=EDGE_CURVE('',#975,#976,#459,.T.);
#1181=EDGE_CURVE('',#976,#976,#880,.T.);
#1182=EDGE_CURVE('',#977,#977,#881,.T.);
#1183=EDGE_CURVE('',#977,#978,#460,.T.);
#1184=EDGE_CURVE('',#978,#978,#882,.T.);
#1185=EDGE_CURVE('',#979,#979,#883,.T.);
#1186=EDGE_CURVE('',#979,#980,#461,.T.);
#1187=EDGE_CURVE('',#980,#980,#884,.T.);
#1188=EDGE_CURVE('',#981,#981,#885,.T.);
#1189=EDGE_CURVE('',#981,#982,#462,.T.);
#1190=EDGE_CURVE('',#982,#982,#886,.T.);
#1191=EDGE_CURVE('',#983,#983,#887,.T.);
#1192=EDGE_CURVE('',#983,#984,#463,.T.);
#1193=EDGE_CURVE('',#984,#984,#888,.T.);
#1194=EDGE_CURVE('',#985,#985,#889,.T.);
#1195=EDGE_CURVE('',#985,#986,#464,.T.);
#1196=EDGE_CURVE('',#986,#986,#890,.T.);
#1197=EDGE_CURVE('',#987,#987,#891,.T.);
#1198=EDGE_CURVE('',#987,#988,#465,.T.);
#1199=EDGE_CURVE('',#988,#988,#892,.T.);
#1200=EDGE_CURVE('',#989,#989,#893,.T.);
#1201=EDGE_CURVE('',#989,#990,#466,.T.);
#1202=EDGE_CURVE('',#990,#990,#894,.T.);
#1203=EDGE_CURVE('',#991,#992,#467,.T.);
#1204=EDGE_CURVE('',#993,#991,#468,.T.);
#1205=EDGE_CURVE('',#994,#993,#469,.T.);
#1206=EDGE_CURVE('',#994,#992,#470,.T.);
#1207=EDGE_CURVE('',#992,#995,#471,.T.);
#1208=EDGE_CURVE('',#996,#994,#472,.T.);
#1209=EDGE_CURVE('',#996,#995,#473,.T.);
#1210=EDGE_CURVE('',#995,#997,#474,.T.);
#1211=EDGE_CURVE('',#998,#996,#475,.T.);
#1212=EDGE_CURVE('',#998,#997,#476,.T.);
#1213=EDGE_CURVE('',#997,#991,#477,.T.);
#1214=EDGE_CURVE('',#993,#998,#478,.T.);
#1215=EDGE_CURVE('',#999,#1000,#479,.T.);
#1216=EDGE_CURVE('',#1001,#999,#480,.T.);
#1217=EDGE_CURVE('',#1002,#1001,#481,.T.);
#1218=EDGE_CURVE('',#1002,#1000,#482,.T.);
#1219=EDGE_CURVE('',#1000,#1003,#483,.T.);
#1220=EDGE_CURVE('',#1004,#1002,#484,.T.);
#1221=EDGE_CURVE('',#1004,#1003,#485,.T.);
#1222=EDGE_CURVE('',#1003,#1005,#486,.T.);
#1223=EDGE_CURVE('',#1006,#1004,#487,.T.);
#1224=EDGE_CURVE('',#1006,#1005,#488,.T.);
#1225=EDGE_CURVE('',#1005,#999,#489,.T.);
#1226=EDGE_CURVE('',#1001,#1006,#490,.T.);
#1227=EDGE_CURVE('',#1007,#1008,#491,.T.);
#1228=EDGE_CURVE('',#1009,#1007,#492,.T.);
#1229=EDGE_CURVE('',#1010,#1009,#493,.T.);
#1230=EDGE_CURVE('',#1010,#1008,#494,.T.);
#1231=EDGE_CURVE('',#1008,#1011,#495,.T.);
#1232=EDGE_CURVE('',#1012,#1010,#496,.T.);
#1233=EDGE_CURVE('',#1012,#1011,#497,.T.);
#1234=EDGE_CURVE('',#1011,#1013,#498,.T.);
#1235=EDGE_CURVE('',#1014,#1012,#499,.T.);
#1236=EDGE_CURVE('',#1014,#1013,#500,.T.);
#1237=EDGE_CURVE('',#1013,#1007,#501,.T.);
#1238=EDGE_CURVE('',#1009,#1014,#502,.T.);
#1239=EDGE_CURVE('',#1015,#1016,#503,.T.);
#1240=EDGE_CURVE('',#1017,#1015,#504,.T.);
#1241=EDGE_CURVE('',#1018,#1017,#505,.T.);
#1242=EDGE_CURVE('',#1018,#1016,#506,.T.);
#1243=EDGE_CURVE('',#1016,#1019,#507,.T.);
#1244=EDGE_CURVE('',#1020,#1018,#508,.T.);
#1245=EDGE_CURVE('',#1020,#1019,#509,.T.);
#1246=EDGE_CURVE('',#1019,#1021,#510,.T.);
#1247=EDGE_CURVE('',#1022,#1020,#511,.T.);
#1248=EDGE_CURVE('',#1022,#1021,#512,.T.);
#1249=EDGE_CURVE('',#1021,#1015,#513,.T.);
#1250=EDGE_CURVE('',#1017,#1022,#514,.T.);
#1251=EDGE_CURVE('',#1023,#1024,#515,.T.);
#1252=EDGE_CURVE('',#1025,#1023,#516,.T.);
#1253=EDGE_CURVE('',#1026,#1025,#517,.T.);
#1254=EDGE_CURVE('',#1024,#1026,#518,.T.);
#1255=EDGE_CURVE('',#1027,#1028,#519,.T.);
#1256=EDGE_CURVE('',#1027,#1029,#520,.T.);
#1257=EDGE_CURVE('',#1030,#1029,#521,.T.);
#1258=EDGE_CURVE('',#1028,#1030,#522,.T.);
#1259=EDGE_CURVE('',#1031,#1032,#523,.T.);
#1260=EDGE_CURVE('',#1033,#1031,#524,.T.);
#1261=EDGE_CURVE('',#1034,#1033,#525,.T.);
#1262=EDGE_CURVE('',#1032,#1034,#526,.T.);
#1263=EDGE_CURVE('',#1035,#1036,#527,.T.);
#1264=EDGE_CURVE('',#1037,#1035,#528,.T.);
#1265=EDGE_CURVE('',#1038,#1037,#529,.T.);
#1266=EDGE_CURVE('',#1036,#1038,#530,.T.);
#1267=EDGE_CURVE('',#1039,#1025,#531,.T.);
#1268=EDGE_CURVE('',#1039,#1040,#532,.T.);
#1269=EDGE_CURVE('',#1026,#1040,#533,.T.);
#1270=EDGE_CURVE('',#1041,#1029,#534,.T.);
#1271=EDGE_CURVE('',#1041,#1042,#535,.T.);
#1272=EDGE_CURVE('',#1030,#1042,#536,.T.);
#1273=EDGE_CURVE('',#1043,#1032,#537,.T.);
#1274=EDGE_CURVE('',#1043,#1044,#538,.T.);
#1275=EDGE_CURVE('',#1031,#1044,#539,.T.);
#1276=EDGE_CURVE('',#1045,#1033,#540,.T.);
#1277=EDGE_CURVE('',#1046,#1045,#541,.T.);
#1278=EDGE_CURVE('',#1034,#1046,#542,.T.);
#1279=EDGE_CURVE('',#1037,#1047,#543,.T.);
#1280=EDGE_CURVE('',#1047,#1048,#544,.T.);
#1281=EDGE_CURVE('',#1038,#1048,#545,.T.);
#1282=EDGE_CURVE('',#1023,#1049,#546,.T.);
#1283=EDGE_CURVE('',#1050,#1049,#895,.T.);
#1284=EDGE_CURVE('',#1051,#1050,#547,.T.);
#1285=EDGE_CURVE('',#1052,#1051,#896,.T.);
#1286=EDGE_CURVE('',#1053,#1052,#548,.T.);
#1287=EDGE_CURVE('',#1041,#1053,#897,.T.);
#1288=EDGE_CURVE('',#1027,#1054,#549,.T.);
#1289=EDGE_CURVE('',#1055,#1054,#898,.T.);
#1290=EDGE_CURVE('',#1056,#1055,#550,.T.);
#1291=EDGE_CURVE('',#1057,#1056,#899,.T.);
#1292=EDGE_CURVE('',#1058,#1057,#551,.T.);
#1293=EDGE_CURVE('',#1047,#1058,#900,.T.);
#1294=EDGE_CURVE('',#1035,#1059,#552,.T.);
#1295=EDGE_CURVE('',#1060,#1059,#901,.T.);
#1296=EDGE_CURVE('',#1061,#1060,#553,.T.);
#1297=EDGE_CURVE('',#1062,#1061,#902,.T.);
#1298=EDGE_CURVE('',#1063,#1062,#554,.T.);
#1299=EDGE_CURVE('',#1043,#1063,#903,.T.);
#1300=EDGE_CURVE('',#1064,#1046,#904,.T.);
#1301=EDGE_CURVE('',#1065,#1064,#555,.T.);
#1302=EDGE_CURVE('',#1066,#1065,#905,.T.);
#1303=EDGE_CURVE('',#1067,#1066,#556,.T.);
#1304=EDGE_CURVE('',#1039,#1067,#906,.T.);
#1305=EDGE_CURVE('',#1068,#1069,#557,.T.);
#1306=EDGE_CURVE('',#1069,#1070,#907,.T.);
#1307=EDGE_CURVE('',#1070,#1071,#558,.T.);
#1308=EDGE_CURVE('',#1071,#1072,#908,.T.);
#1309=EDGE_CURVE('',#1072,#1073,#559,.T.);
#1310=EDGE_CURVE('',#1073,#1074,#909,.T.);
#1311=EDGE_CURVE('',#1074,#1075,#560,.T.);
#1312=EDGE_CURVE('',#1075,#1068,#910,.T.);
#1313=EDGE_CURVE('',#1068,#1076,#561,.T.);
#1314=EDGE_CURVE('',#1077,#1076,#562,.T.);
#1315=EDGE_CURVE('',#1069,#1077,#563,.T.);
#1316=EDGE_CURVE('',#1075,#1078,#564,.T.);
#1317=EDGE_CURVE('',#1076,#1078,#911,.T.);
#1318=EDGE_CURVE('',#1074,#1079,#565,.T.);
#1319=EDGE_CURVE('',#1078,#1079,#566,.T.);
#1320=EDGE_CURVE('',#1073,#1080,#567,.T.);
#1321=EDGE_CURVE('',#1079,#1080,#912,.T.);
#1322=EDGE_CURVE('',#1072,#1081,#568,.T.);
#1323=EDGE_CURVE('',#1080,#1081,#569,.T.);
#1324=EDGE_CURVE('',#1071,#1082,#570,.T.);
#1325=EDGE_CURVE('',#1081,#1082,#913,.T.);
#1326=EDGE_CURVE('',#1070,#1083,#571,.T.);
#1327=EDGE_CURVE('',#1082,#1083,#572,.T.);
#1328=EDGE_CURVE('',#1083,#1077,#914,.T.);
#1329=EDGE_CURVE('',#1055,#1084,#573,.T.);
#1330=EDGE_CURVE('',#1085,#1084,#574,.T.);
#1331=EDGE_CURVE('',#1056,#1085,#575,.T.);
#1332=EDGE_CURVE('',#1086,#1085,#915,.T.);
#1333=EDGE_CURVE('',#1057,#1086,#576,.T.);
#1334=EDGE_CURVE('',#1087,#1086,#577,.T.);
#1335=EDGE_CURVE('',#1058,#1087,#578,.T.);
#1336=EDGE_CURVE('',#1048,#1087,#916,.T.);
#1337=EDGE_CURVE('',#1088,#1036,#579,.T.);
#1338=EDGE_CURVE('',#1059,#1088,#580,.T.);
#1339=EDGE_CURVE('',#1089,#1088,#917,.T.);
#1340=EDGE_CURVE('',#1060,#1089,#581,.T.);
#1341=EDGE_CURVE('',#1090,#1089,#582,.T.);
#1342=EDGE_CURVE('',#1061,#1090,#583,.T.);
#1343=EDGE_CURVE('',#1091,#1090,#918,.T.);
#1344=EDGE_CURVE('',#1062,#1091,#584,.T.);
#1345=EDGE_CURVE('',#1092,#1091,#585,.T.);
#1346=EDGE_CURVE('',#1063,#1092,#586,.T.);
#1347=EDGE_CURVE('',#1044,#1092,#919,.T.);
#1348=EDGE_CURVE('',#1093,#1045,#920,.T.);
#1349=EDGE_CURVE('',#1064,#1093,#587,.T.);
#1350=EDGE_CURVE('',#1094,#1093,#588,.T.);
#1351=EDGE_CURVE('',#1065,#1094,#589,.T.);
#1352=EDGE_CURVE('',#1095,#1094,#921,.T.);
#1353=EDGE_CURVE('',#1066,#1095,#590,.T.);
#1354=EDGE_CURVE('',#1096,#1095,#591,.T.);
#1355=EDGE_CURVE('',#1067,#1096,#592,.T.);
#1356=EDGE_CURVE('',#1040,#1096,#922,.T.);
#1357=EDGE_CURVE('',#1097,#1024,#593,.T.);
#1358=EDGE_CURVE('',#1049,#1097,#594,.T.);
#1359=EDGE_CURVE('',#1098,#1097,#923,.T.);
#1360=EDGE_CURVE('',#1050,#1098,#595,.T.);
#1361=EDGE_CURVE('',#1099,#1098,#596,.T.);
#1362=EDGE_CURVE('',#1051,#1099,#597,.T.);
#1363=EDGE_CURVE('',#1100,#1099,#924,.T.);
#1364=EDGE_CURVE('',#1052,#1100,#598,.T.);
#1365=EDGE_CURVE('',#1101,#1100,#599,.T.);
#1366=EDGE_CURVE('',#1053,#1101,#600,.T.);
#1367=EDGE_CURVE('',#1042,#1101,#925,.T.);
#1368=EDGE_CURVE('',#1102,#1028,#601,.T.);
#1369=EDGE_CURVE('',#1054,#1102,#602,.T.);
#1370=EDGE_CURVE('',#1084,#1102,#926,.T.);
#1371=EDGE_CURVE('',#1103,#1103,#927,.T.);
#1372=EDGE_CURVE('',#1103,#1104,#603,.T.);
#1373=EDGE_CURVE('',#1104,#1104,#928,.T.);
#1374=EDGE_CURVE('',#1105,#1105,#929,.T.);
#1375=EDGE_CURVE('',#1105,#1106,#604,.T.);
#1376=EDGE_CURVE('',#1106,#1106,#930,.T.);
#1377=EDGE_CURVE('',#1107,#1107,#931,.T.);
#1378=EDGE_CURVE('',#1107,#1108,#605,.T.);
#1379=EDGE_CURVE('',#1108,#1108,#932,.T.);
#1380=EDGE_CURVE('',#1109,#1109,#933,.T.);
#1381=EDGE_CURVE('',#1109,#1110,#606,.T.);
#1382=EDGE_CURVE('',#1110,#1110,#934,.T.);
#1383=EDGE_CURVE('',#1111,#1111,#935,.T.);
#1384=EDGE_CURVE('',#1111,#1112,#607,.T.);
#1385=EDGE_CURVE('',#1112,#1112,#936,.T.);
#1386=EDGE_CURVE('',#1113,#1113,#937,.T.);
#1387=EDGE_CURVE('',#1113,#1114,#608,.T.);
#1388=EDGE_CURVE('',#1114,#1114,#938,.T.);
#1389=EDGE_CURVE('',#1115,#1115,#939,.T.);
#1390=EDGE_CURVE('',#1115,#1116,#609,.T.);
#1391=EDGE_CURVE('',#1116,#1116,#940,.T.);
#1392=EDGE_CURVE('',#1117,#1117,#941,.T.);
#1393=EDGE_CURVE('',#1117,#1118,#610,.T.);
#1394=EDGE_CURVE('',#1118,#1118,#942,.T.);
#1395=EDGE_CURVE('',#1119,#1119,#943,.T.);
#1396=EDGE_CURVE('',#1119,#1120,#611,.T.);
#1397=EDGE_CURVE('',#1120,#1120,#944,.T.);
#1398=EDGE_CURVE('',#1121,#1121,#945,.T.);
#1399=EDGE_CURVE('',#1121,#1122,#612,.T.);
#1400=EDGE_CURVE('',#1122,#1122,#946,.T.);
#1401=EDGE_CURVE('',#1123,#1123,#947,.T.);
#1402=EDGE_CURVE('',#1123,#1124,#613,.T.);
#1403=EDGE_CURVE('',#1124,#1124,#948,.T.);
#1404=EDGE_CURVE('',#1125,#1125,#949,.T.);
#1405=EDGE_CURVE('',#1125,#1126,#614,.T.);
#1406=EDGE_CURVE('',#1126,#1126,#950,.T.);
#1407=EDGE_CURVE('',#1127,#1127,#951,.T.);
#1408=EDGE_CURVE('',#1127,#1128,#615,.T.);
#1409=EDGE_CURVE('',#1128,#1128,#952,.T.);
#1410=EDGE_CURVE('',#1129,#1129,#953,.T.);
#1411=EDGE_CURVE('',#1129,#1130,#616,.T.);
#1412=EDGE_CURVE('',#1130,#1130,#954,.T.);
#1413=EDGE_CURVE('',#1131,#1131,#955,.T.);
#1414=EDGE_CURVE('',#1131,#1132,#617,.T.);
#1415=EDGE_CURVE('',#1132,#1132,#956,.T.);
#1416=EDGE_CURVE('',#1133,#1133,#957,.T.);
#1417=EDGE_CURVE('',#1133,#1134,#618,.T.);
#1418=EDGE_CURVE('',#1134,#1134,#958,.T.);
#1419=EDGE_CURVE('',#1135,#1136,#959,.T.);
#1420=EDGE_CURVE('',#1136,#1137,#619,.T.);
#1421=EDGE_CURVE('',#1138,#1137,#960,.T.);
#1422=EDGE_CURVE('',#1135,#1138,#620,.T.);
#1423=EDGE_CURVE('',#1139,#1135,#621,.T.);
#1424=EDGE_CURVE('',#1140,#1138,#622,.T.);
#1425=EDGE_CURVE('',#1139,#1140,#623,.T.);
#1426=EDGE_CURVE('',#1141,#1139,#961,.T.);
#1427=EDGE_CURVE('',#1142,#1140,#962,.T.);
#1428=EDGE_CURVE('',#1141,#1142,#624,.T.);
#1429=EDGE_CURVE('',#1136,#1141,#625,.T.);
#1430=EDGE_CURVE('',#1137,#1142,#626,.T.);
#1431=EDGE_CURVE('',#1143,#1144,#627,.T.);
#1432=EDGE_CURVE('',#1143,#1145,#628,.T.);
#1433=EDGE_CURVE('',#1146,#1145,#629,.T.);
#1434=EDGE_CURVE('',#1144,#1146,#630,.T.);
#1435=EDGE_CURVE('',#1144,#1147,#631,.T.);
#1436=EDGE_CURVE('',#1148,#1146,#632,.T.);
#1437=EDGE_CURVE('',#1147,#1148,#633,.T.);
#1438=EDGE_CURVE('',#1149,#1147,#963,.T.);
#1439=EDGE_CURVE('',#1150,#1148,#964,.T.);
#1440=EDGE_CURVE('',#1149,#1150,#634,.T.);
#1441=EDGE_CURVE('',#1151,#1149,#635,.T.);
#1442=EDGE_CURVE('',#1152,#1150,#636,.T.);
#1443=EDGE_CURVE('',#1151,#1152,#637,.T.);
#1444=EDGE_CURVE('',#1153,#1151,#965,.T.);
#1445=EDGE_CURVE('',#1154,#1152,#966,.T.);
#1446=EDGE_CURVE('',#1153,#1154,#638,.T.);
#1447=EDGE_CURVE('',#1155,#1153,#639,.T.);
#1448=EDGE_CURVE('',#1156,#1154,#640,.T.);
#1449=EDGE_CURVE('',#1155,#1156,#641,.T.);
#1450=EDGE_CURVE('',#1143,#1155,#642,.T.);
#1451=EDGE_CURVE('',#1145,#1156,#643,.T.);
#1452=EDGE_CURVE('',#1157,#1158,#644,.T.);
#1453=EDGE_CURVE('',#1157,#1159,#645,.T.);
#1454=EDGE_CURVE('',#1160,#1159,#646,.T.);
#1455=EDGE_CURVE('',#1158,#1160,#647,.T.);
#1456=EDGE_CURVE('',#1161,#1158,#967,.T.);
#1457=EDGE_CURVE('',#1162,#1160,#968,.T.);
#1458=EDGE_CURVE('',#1161,#1162,#648,.T.);
#1459=EDGE_CURVE('',#1163,#1161,#649,.T.);
#1460=EDGE_CURVE('',#1164,#1162,#650,.T.);
#1461=EDGE_CURVE('',#1163,#1164,#651,.T.);
#1462=EDGE_CURVE('',#1165,#1163,#969,.T.);
#1463=EDGE_CURVE('',#1166,#1164,#970,.T.);
#1464=EDGE_CURVE('',#1165,#1166,#652,.T.);
#1465=EDGE_CURVE('',#1167,#1165,#653,.T.);
#1466=EDGE_CURVE('',#1168,#1166,#654,.T.);
#1467=EDGE_CURVE('',#1167,#1168,#655,.T.);
#1468=EDGE_CURVE('',#1169,#1167,#656,.T.);
#1469=EDGE_CURVE('',#1170,#1168,#657,.T.);
#1470=EDGE_CURVE('',#1169,#1170,#658,.T.);
#1471=EDGE_CURVE('',#1157,#1169,#659,.T.);
#1472=EDGE_CURVE('',#1159,#1170,#660,.T.);
#1473=EDGE_CURVE('',#1171,#1172,#971,.T.);
#1474=EDGE_CURVE('',#1172,#1173,#661,.T.);
#1475=EDGE_CURVE('',#1174,#1173,#972,.T.);
#1476=EDGE_CURVE('',#1171,#1174,#662,.T.);
#1477=EDGE_CURVE('',#1175,#1171,#663,.T.);
#1478=EDGE_CURVE('',#1176,#1174,#664,.T.);
#1479=EDGE_CURVE('',#1175,#1176,#665,.T.);
#1480=EDGE_CURVE('',#1177,#1175,#973,.T.);
#1481=EDGE_CURVE('',#1178,#1176,#974,.T.);
#1482=EDGE_CURVE('',#1177,#1178,#666,.T.);
#1483=EDGE_CURVE('',#1172,#1177,#667,.T.);
#1484=EDGE_CURVE('',#1173,#1178,#668,.T.);
#1485=ORIENTED_EDGE('',*,*,#1179,.F.);
#1486=ORIENTED_EDGE('',*,*,#1180,.T.);
#1487=ORIENTED_EDGE('',*,*,#1181,.F.);
#1488=ORIENTED_EDGE('',*,*,#1180,.F.);
#1489=ORIENTED_EDGE('',*,*,#1182,.F.);
#1490=ORIENTED_EDGE('',*,*,#1183,.T.);
#1491=ORIENTED_EDGE('',*,*,#1184,.F.);
#1492=ORIENTED_EDGE('',*,*,#1183,.F.);
#1493=ORIENTED_EDGE('',*,*,#1185,.F.);
#1494=ORIENTED_EDGE('',*,*,#1186,.T.);
#1495=ORIENTED_EDGE('',*,*,#1187,.F.);
#1496=ORIENTED_EDGE('',*,*,#1186,.F.);
#1497=ORIENTED_EDGE('',*,*,#1188,.F.);
#1498=ORIENTED_EDGE('',*,*,#1189,.T.);
#1499=ORIENTED_EDGE('',*,*,#1190,.F.);
#1500=ORIENTED_EDGE('',*,*,#1189,.F.);
#1501=ORIENTED_EDGE('',*,*,#1191,.F.);
#1502=ORIENTED_EDGE('',*,*,#1192,.T.);
#1503=ORIENTED_EDGE('',*,*,#1193,.F.);
#1504=ORIENTED_EDGE('',*,*,#1192,.F.);
#1505=ORIENTED_EDGE('',*,*,#1194,.F.);
#1506=ORIENTED_EDGE('',*,*,#1195,.T.);
#1507=ORIENTED_EDGE('',*,*,#1196,.F.);
#1508=ORIENTED_EDGE('',*,*,#1195,.F.);
#1509=ORIENTED_EDGE('',*,*,#1197,.F.);
#1510=ORIENTED_EDGE('',*,*,#1198,.T.);
#1511=ORIENTED_EDGE('',*,*,#1199,.F.);
#1512=ORIENTED_EDGE('',*,*,#1198,.F.);
#1513=ORIENTED_EDGE('',*,*,#1200,.F.);
#1514=ORIENTED_EDGE('',*,*,#1201,.T.);
#1515=ORIENTED_EDGE('',*,*,#1202,.F.);
#1516=ORIENTED_EDGE('',*,*,#1201,.F.);
#1517=ORIENTED_EDGE('',*,*,#1203,.F.);
#1518=ORIENTED_EDGE('',*,*,#1204,.F.);
#1519=ORIENTED_EDGE('',*,*,#1205,.F.);
#1520=ORIENTED_EDGE('',*,*,#1206,.T.);
#1521=ORIENTED_EDGE('',*,*,#1207,.F.);
#1522=ORIENTED_EDGE('',*,*,#1206,.F.);
#1523=ORIENTED_EDGE('',*,*,#1208,.F.);
#1524=ORIENTED_EDGE('',*,*,#1209,.T.);
#1525=ORIENTED_EDGE('',*,*,#1210,.F.);
#1526=ORIENTED_EDGE('',*,*,#1209,.F.);
#1527=ORIENTED_EDGE('',*,*,#1211,.F.);
#1528=ORIENTED_EDGE('',*,*,#1212,.T.);
#1529=ORIENTED_EDGE('',*,*,#1213,.F.);
#1530=ORIENTED_EDGE('',*,*,#1212,.F.);
#1531=ORIENTED_EDGE('',*,*,#1214,.F.);
#1532=ORIENTED_EDGE('',*,*,#1204,.T.);
#1533=ORIENTED_EDGE('',*,*,#1215,.F.);
#1534=ORIENTED_EDGE('',*,*,#1216,.F.);
#1535=ORIENTED_EDGE('',*,*,#1217,.F.);
#1536=ORIENTED_EDGE('',*,*,#1218,.T.);
#1537=ORIENTED_EDGE('',*,*,#1219,.F.);
#1538=ORIENTED_EDGE('',*,*,#1218,.F.);
#1539=ORIENTED_EDGE('',*,*,#1220,.F.);
#1540=ORIENTED_EDGE('',*,*,#1221,.T.);
#1541=ORIENTED_EDGE('',*,*,#1222,.F.);
#1542=ORIENTED_EDGE('',*,*,#1221,.F.);
#1543=ORIENTED_EDGE('',*,*,#1223,.F.);
#1544=ORIENTED_EDGE('',*,*,#1224,.T.);
#1545=ORIENTED_EDGE('',*,*,#1225,.F.);
#1546=ORIENTED_EDGE('',*,*,#1224,.F.);
#1547=ORIENTED_EDGE('',*,*,#1226,.F.);
#1548=ORIENTED_EDGE('',*,*,#1216,.T.);
#1549=ORIENTED_EDGE('',*,*,#1227,.F.);
#1550=ORIENTED_EDGE('',*,*,#1228,.F.);
#1551=ORIENTED_EDGE('',*,*,#1229,.F.);
#1552=ORIENTED_EDGE('',*,*,#1230,.T.);
#1553=ORIENTED_EDGE('',*,*,#1231,.F.);
#1554=ORIENTED_EDGE('',*,*,#1230,.F.);
#1555=ORIENTED_EDGE('',*,*,#1232,.F.);
#1556=ORIENTED_EDGE('',*,*,#1233,.T.);
#1557=ORIENTED_EDGE('',*,*,#1234,.F.);
#1558=ORIENTED_EDGE('',*,*,#1233,.F.);
#1559=ORIENTED_EDGE('',*,*,#1235,.F.);
#1560=ORIENTED_EDGE('',*,*,#1236,.T.);
#1561=ORIENTED_EDGE('',*,*,#1237,.F.);
#1562=ORIENTED_EDGE('',*,*,#1236,.F.);
#1563=ORIENTED_EDGE('',*,*,#1238,.F.);
#1564=ORIENTED_EDGE('',*,*,#1228,.T.);
#1565=ORIENTED_EDGE('',*,*,#1239,.F.);
#1566=ORIENTED_EDGE('',*,*,#1240,.F.);
#1567=ORIENTED_EDGE('',*,*,#1241,.F.);
#1568=ORIENTED_EDGE('',*,*,#1242,.T.);
#1569=ORIENTED_EDGE('',*,*,#1243,.F.);
#1570=ORIENTED_EDGE('',*,*,#1242,.F.);
#1571=ORIENTED_EDGE('',*,*,#1244,.F.);
#1572=ORIENTED_EDGE('',*,*,#1245,.T.);
#1573=ORIENTED_EDGE('',*,*,#1246,.F.);
#1574=ORIENTED_EDGE('',*,*,#1245,.F.);
#1575=ORIENTED_EDGE('',*,*,#1247,.F.);
#1576=ORIENTED_EDGE('',*,*,#1248,.T.);
#1577=ORIENTED_EDGE('',*,*,#1249,.F.);
#1578=ORIENTED_EDGE('',*,*,#1248,.F.);
#1579=ORIENTED_EDGE('',*,*,#1250,.F.);
#1580=ORIENTED_EDGE('',*,*,#1240,.T.);
#1581=ORIENTED_EDGE('',*,*,#1251,.F.);
#1582=ORIENTED_EDGE('',*,*,#1252,.F.);
#1583=ORIENTED_EDGE('',*,*,#1253,.F.);
#1584=ORIENTED_EDGE('',*,*,#1254,.F.);
#1585=ORIENTED_EDGE('',*,*,#1255,.F.);
#1586=ORIENTED_EDGE('',*,*,#1256,.T.);
#1587=ORIENTED_EDGE('',*,*,#1257,.F.);
#1588=ORIENTED_EDGE('',*,*,#1258,.F.);
#1589=ORIENTED_EDGE('',*,*,#1259,.F.);
#1590=ORIENTED_EDGE('',*,*,#1260,.F.);
#1591=ORIENTED_EDGE('',*,*,#1261,.F.);
#1592=ORIENTED_EDGE('',*,*,#1262,.F.);
#1593=ORIENTED_EDGE('',*,*,#1263,.F.);
#1594=ORIENTED_EDGE('',*,*,#1264,.F.);
#1595=ORIENTED_EDGE('',*,*,#1265,.F.);
#1596=ORIENTED_EDGE('',*,*,#1266,.F.);
#1597=ORIENTED_EDGE('',*,*,#1253,.T.);
#1598=ORIENTED_EDGE('',*,*,#1267,.F.);
#1599=ORIENTED_EDGE('',*,*,#1268,.T.);
#1600=ORIENTED_EDGE('',*,*,#1269,.F.);
#1601=ORIENTED_EDGE('',*,*,#1257,.T.);
#1602=ORIENTED_EDGE('',*,*,#1270,.F.);
#1603=ORIENTED_EDGE('',*,*,#1271,.T.);
#1604=ORIENTED_EDGE('',*,*,#1272,.F.);
#1605=ORIENTED_EDGE('',*,*,#1259,.T.);
#1606=ORIENTED_EDGE('',*,*,#1273,.F.);
#1607=ORIENTED_EDGE('',*,*,#1274,.T.);
#1608=ORIENTED_EDGE('',*,*,#1275,.F.);
#1609=ORIENTED_EDGE('',*,*,#1261,.T.);
#1610=ORIENTED_EDGE('',*,*,#1276,.F.);
#1611=ORIENTED_EDGE('',*,*,#1277,.F.);
#1612=ORIENTED_EDGE('',*,*,#1278,.F.);
#1613=ORIENTED_EDGE('',*,*,#1265,.T.);
#1614=ORIENTED_EDGE('',*,*,#1279,.T.);
#1615=ORIENTED_EDGE('',*,*,#1280,.T.);
#1616=ORIENTED_EDGE('',*,*,#1281,.F.);
#1617=ORIENTED_EDGE('',*,*,#1252,.T.);
#1618=ORIENTED_EDGE('',*,*,#1282,.T.);
#1619=ORIENTED_EDGE('',*,*,#1283,.F.);
#1620=ORIENTED_EDGE('',*,*,#1284,.F.);
#1621=ORIENTED_EDGE('',*,*,#1285,.F.);
#1622=ORIENTED_EDGE('',*,*,#1286,.F.);
#1623=ORIENTED_EDGE('',*,*,#1287,.F.);
#1624=ORIENTED_EDGE('',*,*,#1270,.T.);
#1625=ORIENTED_EDGE('',*,*,#1256,.F.);
#1626=ORIENTED_EDGE('',*,*,#1288,.T.);
#1627=ORIENTED_EDGE('',*,*,#1289,.F.);
#1628=ORIENTED_EDGE('',*,*,#1290,.F.);
#1629=ORIENTED_EDGE('',*,*,#1291,.F.);
#1630=ORIENTED_EDGE('',*,*,#1292,.F.);
#1631=ORIENTED_EDGE('',*,*,#1293,.F.);
#1632=ORIENTED_EDGE('',*,*,#1279,.F.);
#1633=ORIENTED_EDGE('',*,*,#1264,.T.);
#1634=ORIENTED_EDGE('',*,*,#1294,.T.);
#1635=ORIENTED_EDGE('',*,*,#1295,.F.);
#1636=ORIENTED_EDGE('',*,*,#1296,.F.);
#1637=ORIENTED_EDGE('',*,*,#1297,.F.);
#1638=ORIENTED_EDGE('',*,*,#1298,.F.);
#1639=ORIENTED_EDGE('',*,*,#1299,.F.);
#1640=ORIENTED_EDGE('',*,*,#1273,.T.);
#1641=ORIENTED_EDGE('',*,*,#1262,.T.);
#1642=ORIENTED_EDGE('',*,*,#1278,.T.);
#1643=ORIENTED_EDGE('',*,*,#1300,.F.);
#1644=ORIENTED_EDGE('',*,*,#1301,.F.);
#1645=ORIENTED_EDGE('',*,*,#1302,.F.);
#1646=ORIENTED_EDGE('',*,*,#1303,.F.);
#1647=ORIENTED_EDGE('',*,*,#1304,.F.);
#1648=ORIENTED_EDGE('',*,*,#1267,.T.);
#1649=ORIENTED_EDGE('',*,*,#1211,.T.);
#1650=ORIENTED_EDGE('',*,*,#1208,.T.);
#1651=ORIENTED_EDGE('',*,*,#1205,.T.);
#1652=ORIENTED_EDGE('',*,*,#1214,.T.);
#1653=ORIENTED_EDGE('',*,*,#1223,.T.);
#1654=ORIENTED_EDGE('',*,*,#1220,.T.);
#1655=ORIENTED_EDGE('',*,*,#1217,.T.);
#1656=ORIENTED_EDGE('',*,*,#1226,.T.);
#1657=ORIENTED_EDGE('',*,*,#1235,.T.);
#1658=ORIENTED_EDGE('',*,*,#1232,.T.);
#1659=ORIENTED_EDGE('',*,*,#1229,.T.);
#1660=ORIENTED_EDGE('',*,*,#1238,.T.);
#1661=ORIENTED_EDGE('',*,*,#1247,.T.);
#1662=ORIENTED_EDGE('',*,*,#1244,.T.);
#1663=ORIENTED_EDGE('',*,*,#1241,.T.);
#1664=ORIENTED_EDGE('',*,*,#1250,.T.);
#1665=ORIENTED_EDGE('',*,*,#1305,.T.);
#1666=ORIENTED_EDGE('',*,*,#1306,.T.);
#1667=ORIENTED_EDGE('',*,*,#1307,.T.);
#1668=ORIENTED_EDGE('',*,*,#1308,.T.);
#1669=ORIENTED_EDGE('',*,*,#1309,.T.);
#1670=ORIENTED_EDGE('',*,*,#1310,.T.);
#1671=ORIENTED_EDGE('',*,*,#1311,.T.);
#1672=ORIENTED_EDGE('',*,*,#1312,.T.);
#1673=ORIENTED_EDGE('',*,*,#1200,.T.);
#1674=ORIENTED_EDGE('',*,*,#1197,.T.);
#1675=ORIENTED_EDGE('',*,*,#1194,.T.);
#1676=ORIENTED_EDGE('',*,*,#1191,.T.);
#1677=ORIENTED_EDGE('',*,*,#1188,.T.);
#1678=ORIENTED_EDGE('',*,*,#1185,.T.);
#1679=ORIENTED_EDGE('',*,*,#1182,.T.);
#1680=ORIENTED_EDGE('',*,*,#1179,.T.);
#1681=ORIENTED_EDGE('',*,*,#1305,.F.);
#1682=ORIENTED_EDGE('',*,*,#1313,.T.);
#1683=ORIENTED_EDGE('',*,*,#1314,.F.);
#1684=ORIENTED_EDGE('',*,*,#1315,.F.);
#1685=ORIENTED_EDGE('',*,*,#1312,.F.);
#1686=ORIENTED_EDGE('',*,*,#1316,.T.);
#1687=ORIENTED_EDGE('',*,*,#1317,.F.);
#1688=ORIENTED_EDGE('',*,*,#1313,.F.);
#1689=ORIENTED_EDGE('',*,*,#1311,.F.);
#1690=ORIENTED_EDGE('',*,*,#1318,.T.);
#1691=ORIENTED_EDGE('',*,*,#1319,.F.);
#1692=ORIENTED_EDGE('',*,*,#1316,.F.);
#1693=ORIENTED_EDGE('',*,*,#1310,.F.);
#1694=ORIENTED_EDGE('',*,*,#1320,.T.);
#1695=ORIENTED_EDGE('',*,*,#1321,.F.);
#1696=ORIENTED_EDGE('',*,*,#1318,.F.);
#1697=ORIENTED_EDGE('',*,*,#1309,.F.);
#1698=ORIENTED_EDGE('',*,*,#1322,.T.);
#1699=ORIENTED_EDGE('',*,*,#1323,.F.);
#1700=ORIENTED_EDGE('',*,*,#1320,.F.);
#1701=ORIENTED_EDGE('',*,*,#1308,.F.);
#1702=ORIENTED_EDGE('',*,*,#1324,.T.);
#1703=ORIENTED_EDGE('',*,*,#1325,.F.);
#1704=ORIENTED_EDGE('',*,*,#1322,.F.);
#1705=ORIENTED_EDGE('',*,*,#1307,.F.);
#1706=ORIENTED_EDGE('',*,*,#1326,.T.);
#1707=ORIENTED_EDGE('',*,*,#1327,.F.);
#1708=ORIENTED_EDGE('',*,*,#1324,.F.);
#1709=ORIENTED_EDGE('',*,*,#1306,.F.);
#1710=ORIENTED_EDGE('',*,*,#1315,.T.);
#1711=ORIENTED_EDGE('',*,*,#1328,.F.);
#1712=ORIENTED_EDGE('',*,*,#1326,.F.);
#1713=ORIENTED_EDGE('',*,*,#1290,.T.);
#1714=ORIENTED_EDGE('',*,*,#1329,.T.);
#1715=ORIENTED_EDGE('',*,*,#1330,.F.);
#1716=ORIENTED_EDGE('',*,*,#1331,.F.);
#1717=ORIENTED_EDGE('',*,*,#1291,.T.);
#1718=ORIENTED_EDGE('',*,*,#1331,.T.);
#1719=ORIENTED_EDGE('',*,*,#1332,.F.);
#1720=ORIENTED_EDGE('',*,*,#1333,.F.);
#1721=ORIENTED_EDGE('',*,*,#1292,.T.);
#1722=ORIENTED_EDGE('',*,*,#1333,.T.);
#1723=ORIENTED_EDGE('',*,*,#1334,.F.);
#1724=ORIENTED_EDGE('',*,*,#1335,.F.);
#1725=ORIENTED_EDGE('',*,*,#1293,.T.);
#1726=ORIENTED_EDGE('',*,*,#1335,.T.);
#1727=ORIENTED_EDGE('',*,*,#1336,.F.);
#1728=ORIENTED_EDGE('',*,*,#1280,.F.);
#1729=ORIENTED_EDGE('',*,*,#1263,.T.);
#1730=ORIENTED_EDGE('',*,*,#1337,.F.);
#1731=ORIENTED_EDGE('',*,*,#1338,.F.);
#1732=ORIENTED_EDGE('',*,*,#1294,.F.);
#1733=ORIENTED_EDGE('',*,*,#1295,.T.);
#1734=ORIENTED_EDGE('',*,*,#1338,.T.);
#1735=ORIENTED_EDGE('',*,*,#1339,.F.);
#1736=ORIENTED_EDGE('',*,*,#1340,.F.);
#1737=ORIENTED_EDGE('',*,*,#1296,.T.);
#1738=ORIENTED_EDGE('',*,*,#1340,.T.);
#1739=ORIENTED_EDGE('',*,*,#1341,.F.);
#1740=ORIENTED_EDGE('',*,*,#1342,.F.);
#1741=ORIENTED_EDGE('',*,*,#1297,.T.);
#1742=ORIENTED_EDGE('',*,*,#1342,.T.);
#1743=ORIENTED_EDGE('',*,*,#1343,.F.);
#1744=ORIENTED_EDGE('',*,*,#1344,.F.);
#1745=ORIENTED_EDGE('',*,*,#1298,.T.);
#1746=ORIENTED_EDGE('',*,*,#1344,.T.);
#1747=ORIENTED_EDGE('',*,*,#1345,.F.);
#1748=ORIENTED_EDGE('',*,*,#1346,.F.);
#1749=ORIENTED_EDGE('',*,*,#1299,.T.);
#1750=ORIENTED_EDGE('',*,*,#1346,.T.);
#1751=ORIENTED_EDGE('',*,*,#1347,.F.);
#1752=ORIENTED_EDGE('',*,*,#1274,.F.);
#1753=ORIENTED_EDGE('',*,*,#1300,.T.);
#1754=ORIENTED_EDGE('',*,*,#1277,.T.);
#1755=ORIENTED_EDGE('',*,*,#1348,.F.);
#1756=ORIENTED_EDGE('',*,*,#1349,.F.);
#1757=ORIENTED_EDGE('',*,*,#1301,.T.);
#1758=ORIENTED_EDGE('',*,*,#1349,.T.);
#1759=ORIENTED_EDGE('',*,*,#1350,.F.);
#1760=ORIENTED_EDGE('',*,*,#1351,.F.);
#1761=ORIENTED_EDGE('',*,*,#1302,.T.);
#1762=ORIENTED_EDGE('',*,*,#1351,.T.);
#1763=ORIENTED_EDGE('',*,*,#1352,.F.);
#1764=ORIENTED_EDGE('',*,*,#1353,.F.);
#1765=ORIENTED_EDGE('',*,*,#1303,.T.);
#1766=ORIENTED_EDGE('',*,*,#1353,.T.);
#1767=ORIENTED_EDGE('',*,*,#1354,.F.);
#1768=ORIENTED_EDGE('',*,*,#1355,.F.);
#1769=ORIENTED_EDGE('',*,*,#1304,.T.);
#1770=ORIENTED_EDGE('',*,*,#1355,.T.);
#1771=ORIENTED_EDGE('',*,*,#1356,.F.);
#1772=ORIENTED_EDGE('',*,*,#1268,.F.);
#1773=ORIENTED_EDGE('',*,*,#1251,.T.);
#1774=ORIENTED_EDGE('',*,*,#1357,.F.);
#1775=ORIENTED_EDGE('',*,*,#1358,.F.);
#1776=ORIENTED_EDGE('',*,*,#1282,.F.);
#1777=ORIENTED_EDGE('',*,*,#1283,.T.);
#1778=ORIENTED_EDGE('',*,*,#1358,.T.);
#1779=ORIENTED_EDGE('',*,*,#1359,.F.);
#1780=ORIENTED_EDGE('',*,*,#1360,.F.);
#1781=ORIENTED_EDGE('',*,*,#1284,.T.);
#1782=ORIENTED_EDGE('',*,*,#1360,.T.);
#1783=ORIENTED_EDGE('',*,*,#1361,.F.);
#1784=ORIENTED_EDGE('',*,*,#1362,.F.);
#1785=ORIENTED_EDGE('',*,*,#1285,.T.);
#1786=ORIENTED_EDGE('',*,*,#1362,.T.);
#1787=ORIENTED_EDGE('',*,*,#1363,.F.);
#1788=ORIENTED_EDGE('',*,*,#1364,.F.);
#1789=ORIENTED_EDGE('',*,*,#1286,.T.);
#1790=ORIENTED_EDGE('',*,*,#1364,.T.);
#1791=ORIENTED_EDGE('',*,*,#1365,.F.);
#1792=ORIENTED_EDGE('',*,*,#1366,.F.);
#1793=ORIENTED_EDGE('',*,*,#1287,.T.);
#1794=ORIENTED_EDGE('',*,*,#1366,.T.);
#1795=ORIENTED_EDGE('',*,*,#1367,.F.);
#1796=ORIENTED_EDGE('',*,*,#1271,.F.);
#1797=ORIENTED_EDGE('',*,*,#1255,.T.);
#1798=ORIENTED_EDGE('',*,*,#1368,.F.);
#1799=ORIENTED_EDGE('',*,*,#1369,.F.);
#1800=ORIENTED_EDGE('',*,*,#1288,.F.);
#1801=ORIENTED_EDGE('',*,*,#1289,.T.);
#1802=ORIENTED_EDGE('',*,*,#1369,.T.);
#1803=ORIENTED_EDGE('',*,*,#1370,.F.);
#1804=ORIENTED_EDGE('',*,*,#1329,.F.);
#1805=ORIENTED_EDGE('',*,*,#1269,.T.);
#1806=ORIENTED_EDGE('',*,*,#1356,.T.);
#1807=ORIENTED_EDGE('',*,*,#1354,.T.);
#1808=ORIENTED_EDGE('',*,*,#1352,.T.);
#1809=ORIENTED_EDGE('',*,*,#1350,.T.);
#1810=ORIENTED_EDGE('',*,*,#1348,.T.);
#1811=ORIENTED_EDGE('',*,*,#1276,.T.);
#1812=ORIENTED_EDGE('',*,*,#1260,.T.);
#1813=ORIENTED_EDGE('',*,*,#1275,.T.);
#1814=ORIENTED_EDGE('',*,*,#1347,.T.);
#1815=ORIENTED_EDGE('',*,*,#1345,.T.);
#1816=ORIENTED_EDGE('',*,*,#1343,.T.);
#1817=ORIENTED_EDGE('',*,*,#1341,.T.);
#1818=ORIENTED_EDGE('',*,*,#1339,.T.);
#1819=ORIENTED_EDGE('',*,*,#1337,.T.);
#1820=ORIENTED_EDGE('',*,*,#1266,.T.);
#1821=ORIENTED_EDGE('',*,*,#1281,.T.);
#1822=ORIENTED_EDGE('',*,*,#1336,.T.);
#1823=ORIENTED_EDGE('',*,*,#1334,.T.);
#1824=ORIENTED_EDGE('',*,*,#1332,.T.);
#1825=ORIENTED_EDGE('',*,*,#1330,.T.);
#1826=ORIENTED_EDGE('',*,*,#1370,.T.);
#1827=ORIENTED_EDGE('',*,*,#1368,.T.);
#1828=ORIENTED_EDGE('',*,*,#1258,.T.);
#1829=ORIENTED_EDGE('',*,*,#1272,.T.);
#1830=ORIENTED_EDGE('',*,*,#1367,.T.);
#1831=ORIENTED_EDGE('',*,*,#1365,.T.);
#1832=ORIENTED_EDGE('',*,*,#1363,.T.);
#1833=ORIENTED_EDGE('',*,*,#1361,.T.);
#1834=ORIENTED_EDGE('',*,*,#1359,.T.);
#1835=ORIENTED_EDGE('',*,*,#1357,.T.);
#1836=ORIENTED_EDGE('',*,*,#1254,.T.);
#1837=ORIENTED_EDGE('',*,*,#1210,.T.);
#1838=ORIENTED_EDGE('',*,*,#1213,.T.);
#1839=ORIENTED_EDGE('',*,*,#1203,.T.);
#1840=ORIENTED_EDGE('',*,*,#1207,.T.);
#1841=ORIENTED_EDGE('',*,*,#1222,.T.);
#1842=ORIENTED_EDGE('',*,*,#1225,.T.);
#1843=ORIENTED_EDGE('',*,*,#1215,.T.);
#1844=ORIENTED_EDGE('',*,*,#1219,.T.);
#1845=ORIENTED_EDGE('',*,*,#1234,.T.);
#1846=ORIENTED_EDGE('',*,*,#1237,.T.);
#1847=ORIENTED_EDGE('',*,*,#1227,.T.);
#1848=ORIENTED_EDGE('',*,*,#1231,.T.);
#1849=ORIENTED_EDGE('',*,*,#1246,.T.);
#1850=ORIENTED_EDGE('',*,*,#1249,.T.);
#1851=ORIENTED_EDGE('',*,*,#1239,.T.);
#1852=ORIENTED_EDGE('',*,*,#1243,.T.);
#1853=ORIENTED_EDGE('',*,*,#1314,.T.);
#1854=ORIENTED_EDGE('',*,*,#1317,.T.);
#1855=ORIENTED_EDGE('',*,*,#1319,.T.);
#1856=ORIENTED_EDGE('',*,*,#1321,.T.);
#1857=ORIENTED_EDGE('',*,*,#1323,.T.);
#1858=ORIENTED_EDGE('',*,*,#1325,.T.);
#1859=ORIENTED_EDGE('',*,*,#1327,.T.);
#1860=ORIENTED_EDGE('',*,*,#1328,.T.);
#1861=ORIENTED_EDGE('',*,*,#1202,.T.);
#1862=ORIENTED_EDGE('',*,*,#1199,.T.);
#1863=ORIENTED_EDGE('',*,*,#1196,.T.);
#1864=ORIENTED_EDGE('',*,*,#1193,.T.);
#1865=ORIENTED_EDGE('',*,*,#1190,.T.);
#1866=ORIENTED_EDGE('',*,*,#1187,.T.);
#1867=ORIENTED_EDGE('',*,*,#1184,.T.);
#1868=ORIENTED_EDGE('',*,*,#1181,.T.);
#1869=ORIENTED_EDGE('',*,*,#1371,.F.);
#1870=ORIENTED_EDGE('',*,*,#1372,.T.);
#1871=ORIENTED_EDGE('',*,*,#1373,.F.);
#1872=ORIENTED_EDGE('',*,*,#1372,.F.);
#1873=ORIENTED_EDGE('',*,*,#1374,.F.);
#1874=ORIENTED_EDGE('',*,*,#1375,.T.);
#1875=ORIENTED_EDGE('',*,*,#1376,.T.);
#1876=ORIENTED_EDGE('',*,*,#1375,.F.);
#1877=ORIENTED_EDGE('',*,*,#1374,.T.);
#1878=ORIENTED_EDGE('',*,*,#1371,.T.);
#1879=ORIENTED_EDGE('',*,*,#1376,.F.);
#1880=ORIENTED_EDGE('',*,*,#1373,.T.);
#1881=ORIENTED_EDGE('',*,*,#1377,.F.);
#1882=ORIENTED_EDGE('',*,*,#1378,.T.);
#1883=ORIENTED_EDGE('',*,*,#1379,.F.);
#1884=ORIENTED_EDGE('',*,*,#1378,.F.);
#1885=ORIENTED_EDGE('',*,*,#1380,.F.);
#1886=ORIENTED_EDGE('',*,*,#1381,.T.);
#1887=ORIENTED_EDGE('',*,*,#1382,.T.);
#1888=ORIENTED_EDGE('',*,*,#1381,.F.);
#1889=ORIENTED_EDGE('',*,*,#1380,.T.);
#1890=ORIENTED_EDGE('',*,*,#1377,.T.);
#1891=ORIENTED_EDGE('',*,*,#1382,.F.);
#1892=ORIENTED_EDGE('',*,*,#1379,.T.);
#1893=ORIENTED_EDGE('',*,*,#1383,.F.);
#1894=ORIENTED_EDGE('',*,*,#1384,.T.);
#1895=ORIENTED_EDGE('',*,*,#1385,.F.);
#1896=ORIENTED_EDGE('',*,*,#1384,.F.);
#1897=ORIENTED_EDGE('',*,*,#1386,.F.);
#1898=ORIENTED_EDGE('',*,*,#1387,.T.);
#1899=ORIENTED_EDGE('',*,*,#1388,.T.);
#1900=ORIENTED_EDGE('',*,*,#1387,.F.);
#1901=ORIENTED_EDGE('',*,*,#1386,.T.);
#1902=ORIENTED_EDGE('',*,*,#1383,.T.);
#1903=ORIENTED_EDGE('',*,*,#1388,.F.);
#1904=ORIENTED_EDGE('',*,*,#1385,.T.);
#1905=ORIENTED_EDGE('',*,*,#1389,.F.);
#1906=ORIENTED_EDGE('',*,*,#1390,.T.);
#1907=ORIENTED_EDGE('',*,*,#1391,.F.);
#1908=ORIENTED_EDGE('',*,*,#1390,.F.);
#1909=ORIENTED_EDGE('',*,*,#1392,.F.);
#1910=ORIENTED_EDGE('',*,*,#1393,.T.);
#1911=ORIENTED_EDGE('',*,*,#1394,.T.);
#1912=ORIENTED_EDGE('',*,*,#1393,.F.);
#1913=ORIENTED_EDGE('',*,*,#1392,.T.);
#1914=ORIENTED_EDGE('',*,*,#1389,.T.);
#1915=ORIENTED_EDGE('',*,*,#1394,.F.);
#1916=ORIENTED_EDGE('',*,*,#1391,.T.);
#1917=ORIENTED_EDGE('',*,*,#1395,.F.);
#1918=ORIENTED_EDGE('',*,*,#1396,.T.);
#1919=ORIENTED_EDGE('',*,*,#1397,.F.);
#1920=ORIENTED_EDGE('',*,*,#1396,.F.);
#1921=ORIENTED_EDGE('',*,*,#1398,.F.);
#1922=ORIENTED_EDGE('',*,*,#1399,.T.);
#1923=ORIENTED_EDGE('',*,*,#1400,.T.);
#1924=ORIENTED_EDGE('',*,*,#1399,.F.);
#1925=ORIENTED_EDGE('',*,*,#1398,.T.);
#1926=ORIENTED_EDGE('',*,*,#1395,.T.);
#1927=ORIENTED_EDGE('',*,*,#1400,.F.);
#1928=ORIENTED_EDGE('',*,*,#1397,.T.);
#1929=ORIENTED_EDGE('',*,*,#1401,.F.);
#1930=ORIENTED_EDGE('',*,*,#1402,.T.);
#1931=ORIENTED_EDGE('',*,*,#1403,.F.);
#1932=ORIENTED_EDGE('',*,*,#1402,.F.);
#1933=ORIENTED_EDGE('',*,*,#1404,.F.);
#1934=ORIENTED_EDGE('',*,*,#1405,.T.);
#1935=ORIENTED_EDGE('',*,*,#1406,.T.);
#1936=ORIENTED_EDGE('',*,*,#1405,.F.);
#1937=ORIENTED_EDGE('',*,*,#1404,.T.);
#1938=ORIENTED_EDGE('',*,*,#1401,.T.);
#1939=ORIENTED_EDGE('',*,*,#1406,.F.);
#1940=ORIENTED_EDGE('',*,*,#1403,.T.);
#1941=ORIENTED_EDGE('',*,*,#1407,.F.);
#1942=ORIENTED_EDGE('',*,*,#1408,.T.);
#1943=ORIENTED_EDGE('',*,*,#1409,.F.);
#1944=ORIENTED_EDGE('',*,*,#1408,.F.);
#1945=ORIENTED_EDGE('',*,*,#1410,.F.);
#1946=ORIENTED_EDGE('',*,*,#1411,.T.);
#1947=ORIENTED_EDGE('',*,*,#1412,.T.);
#1948=ORIENTED_EDGE('',*,*,#1411,.F.);
#1949=ORIENTED_EDGE('',*,*,#1410,.T.);
#1950=ORIENTED_EDGE('',*,*,#1407,.T.);
#1951=ORIENTED_EDGE('',*,*,#1412,.F.);
#1952=ORIENTED_EDGE('',*,*,#1409,.T.);
#1953=ORIENTED_EDGE('',*,*,#1413,.F.);
#1954=ORIENTED_EDGE('',*,*,#1414,.T.);
#1955=ORIENTED_EDGE('',*,*,#1415,.F.);
#1956=ORIENTED_EDGE('',*,*,#1414,.F.);
#1957=ORIENTED_EDGE('',*,*,#1416,.F.);
#1958=ORIENTED_EDGE('',*,*,#1417,.T.);
#1959=ORIENTED_EDGE('',*,*,#1418,.T.);
#1960=ORIENTED_EDGE('',*,*,#1417,.F.);
#1961=ORIENTED_EDGE('',*,*,#1416,.T.);
#1962=ORIENTED_EDGE('',*,*,#1413,.T.);
#1963=ORIENTED_EDGE('',*,*,#1418,.F.);
#1964=ORIENTED_EDGE('',*,*,#1415,.T.);
#1965=ORIENTED_EDGE('',*,*,#1419,.T.);
#1966=ORIENTED_EDGE('',*,*,#1420,.T.);
#1967=ORIENTED_EDGE('',*,*,#1421,.F.);
#1968=ORIENTED_EDGE('',*,*,#1422,.F.);
#1969=ORIENTED_EDGE('',*,*,#1423,.T.);
#1970=ORIENTED_EDGE('',*,*,#1422,.T.);
#1971=ORIENTED_EDGE('',*,*,#1424,.F.);
#1972=ORIENTED_EDGE('',*,*,#1425,.F.);
#1973=ORIENTED_EDGE('',*,*,#1426,.T.);
#1974=ORIENTED_EDGE('',*,*,#1425,.T.);
#1975=ORIENTED_EDGE('',*,*,#1427,.F.);
#1976=ORIENTED_EDGE('',*,*,#1428,.F.);
#1977=ORIENTED_EDGE('',*,*,#1429,.T.);
#1978=ORIENTED_EDGE('',*,*,#1428,.T.);
#1979=ORIENTED_EDGE('',*,*,#1430,.F.);
#1980=ORIENTED_EDGE('',*,*,#1420,.F.);
#1981=ORIENTED_EDGE('',*,*,#1430,.T.);
#1982=ORIENTED_EDGE('',*,*,#1427,.T.);
#1983=ORIENTED_EDGE('',*,*,#1424,.T.);
#1984=ORIENTED_EDGE('',*,*,#1421,.T.);
#1985=ORIENTED_EDGE('',*,*,#1429,.F.);
#1986=ORIENTED_EDGE('',*,*,#1419,.F.);
#1987=ORIENTED_EDGE('',*,*,#1423,.F.);
#1988=ORIENTED_EDGE('',*,*,#1426,.F.);
#1989=ORIENTED_EDGE('',*,*,#1431,.F.);
#1990=ORIENTED_EDGE('',*,*,#1432,.T.);
#1991=ORIENTED_EDGE('',*,*,#1433,.F.);
#1992=ORIENTED_EDGE('',*,*,#1434,.F.);
#1993=ORIENTED_EDGE('',*,*,#1435,.F.);
#1994=ORIENTED_EDGE('',*,*,#1434,.T.);
#1995=ORIENTED_EDGE('',*,*,#1436,.F.);
#1996=ORIENTED_EDGE('',*,*,#1437,.F.);
#1997=ORIENTED_EDGE('',*,*,#1438,.T.);
#1998=ORIENTED_EDGE('',*,*,#1437,.T.);
#1999=ORIENTED_EDGE('',*,*,#1439,.F.);
#2000=ORIENTED_EDGE('',*,*,#1440,.F.);
#2001=ORIENTED_EDGE('',*,*,#1441,.T.);
#2002=ORIENTED_EDGE('',*,*,#1440,.T.);
#2003=ORIENTED_EDGE('',*,*,#1442,.F.);
#2004=ORIENTED_EDGE('',*,*,#1443,.F.);
#2005=ORIENTED_EDGE('',*,*,#1444,.T.);
#2006=ORIENTED_EDGE('',*,*,#1443,.T.);
#2007=ORIENTED_EDGE('',*,*,#1445,.F.);
#2008=ORIENTED_EDGE('',*,*,#1446,.F.);
#2009=ORIENTED_EDGE('',*,*,#1447,.T.);
#2010=ORIENTED_EDGE('',*,*,#1446,.T.);
#2011=ORIENTED_EDGE('',*,*,#1448,.F.);
#2012=ORIENTED_EDGE('',*,*,#1449,.F.);
#2013=ORIENTED_EDGE('',*,*,#1450,.T.);
#2014=ORIENTED_EDGE('',*,*,#1449,.T.);
#2015=ORIENTED_EDGE('',*,*,#1451,.F.);
#2016=ORIENTED_EDGE('',*,*,#1432,.F.);
#2017=ORIENTED_EDGE('',*,*,#1451,.T.);
#2018=ORIENTED_EDGE('',*,*,#1448,.T.);
#2019=ORIENTED_EDGE('',*,*,#1445,.T.);
#2020=ORIENTED_EDGE('',*,*,#1442,.T.);
#2021=ORIENTED_EDGE('',*,*,#1439,.T.);
#2022=ORIENTED_EDGE('',*,*,#1436,.T.);
#2023=ORIENTED_EDGE('',*,*,#1433,.T.);
#2024=ORIENTED_EDGE('',*,*,#1450,.F.);
#2025=ORIENTED_EDGE('',*,*,#1431,.T.);
#2026=ORIENTED_EDGE('',*,*,#1435,.T.);
#2027=ORIENTED_EDGE('',*,*,#1438,.F.);
#2028=ORIENTED_EDGE('',*,*,#1441,.F.);
#2029=ORIENTED_EDGE('',*,*,#1444,.F.);
#2030=ORIENTED_EDGE('',*,*,#1447,.F.);
#2031=ORIENTED_EDGE('',*,*,#1452,.F.);
#2032=ORIENTED_EDGE('',*,*,#1453,.T.);
#2033=ORIENTED_EDGE('',*,*,#1454,.F.);
#2034=ORIENTED_EDGE('',*,*,#1455,.F.);
#2035=ORIENTED_EDGE('',*,*,#1456,.T.);
#2036=ORIENTED_EDGE('',*,*,#1455,.T.);
#2037=ORIENTED_EDGE('',*,*,#1457,.F.);
#2038=ORIENTED_EDGE('',*,*,#1458,.F.);
#2039=ORIENTED_EDGE('',*,*,#1459,.T.);
#2040=ORIENTED_EDGE('',*,*,#1458,.T.);
#2041=ORIENTED_EDGE('',*,*,#1460,.F.);
#2042=ORIENTED_EDGE('',*,*,#1461,.F.);
#2043=ORIENTED_EDGE('',*,*,#1462,.T.);
#2044=ORIENTED_EDGE('',*,*,#1461,.T.);
#2045=ORIENTED_EDGE('',*,*,#1463,.F.);
#2046=ORIENTED_EDGE('',*,*,#1464,.F.);
#2047=ORIENTED_EDGE('',*,*,#1465,.T.);
#2048=ORIENTED_EDGE('',*,*,#1464,.T.);
#2049=ORIENTED_EDGE('',*,*,#1466,.F.);
#2050=ORIENTED_EDGE('',*,*,#1467,.F.);
#2051=ORIENTED_EDGE('',*,*,#1468,.T.);
#2052=ORIENTED_EDGE('',*,*,#1467,.T.);
#2053=ORIENTED_EDGE('',*,*,#1469,.F.);
#2054=ORIENTED_EDGE('',*,*,#1470,.F.);
#2055=ORIENTED_EDGE('',*,*,#1471,.T.);
#2056=ORIENTED_EDGE('',*,*,#1470,.T.);
#2057=ORIENTED_EDGE('',*,*,#1472,.F.);
#2058=ORIENTED_EDGE('',*,*,#1453,.F.);
#2059=ORIENTED_EDGE('',*,*,#1472,.T.);
#2060=ORIENTED_EDGE('',*,*,#1469,.T.);
#2061=ORIENTED_EDGE('',*,*,#1466,.T.);
#2062=ORIENTED_EDGE('',*,*,#1463,.T.);
#2063=ORIENTED_EDGE('',*,*,#1460,.T.);
#2064=ORIENTED_EDGE('',*,*,#1457,.T.);
#2065=ORIENTED_EDGE('',*,*,#1454,.T.);
#2066=ORIENTED_EDGE('',*,*,#1471,.F.);
#2067=ORIENTED_EDGE('',*,*,#1452,.T.);
#2068=ORIENTED_EDGE('',*,*,#1456,.F.);
#2069=ORIENTED_EDGE('',*,*,#1459,.F.);
#2070=ORIENTED_EDGE('',*,*,#1462,.F.);
#2071=ORIENTED_EDGE('',*,*,#1465,.F.);
#2072=ORIENTED_EDGE('',*,*,#1468,.F.);
#2073=ORIENTED_EDGE('',*,*,#1473,.T.);
#2074=ORIENTED_EDGE('',*,*,#1474,.T.);
#2075=ORIENTED_EDGE('',*,*,#1475,.F.);
#2076=ORIENTED_EDGE('',*,*,#1476,.F.);
#2077=ORIENTED_EDGE('',*,*,#1477,.T.);
#2078=ORIENTED_EDGE('',*,*,#1476,.T.);
#2079=ORIENTED_EDGE('',*,*,#1478,.F.);
#2080=ORIENTED_EDGE('',*,*,#1479,.F.);
#2081=ORIENTED_EDGE('',*,*,#1480,.T.);
#2082=ORIENTED_EDGE('',*,*,#1479,.T.);
#2083=ORIENTED_EDGE('',*,*,#1481,.F.);
#2084=ORIENTED_EDGE('',*,*,#1482,.F.);
#2085=ORIENTED_EDGE('',*,*,#1483,.T.);
#2086=ORIENTED_EDGE('',*,*,#1482,.T.);
#2087=ORIENTED_EDGE('',*,*,#1484,.F.);
#2088=ORIENTED_EDGE('',*,*,#1474,.F.);
#2089=ORIENTED_EDGE('',*,*,#1484,.T.);
#2090=ORIENTED_EDGE('',*,*,#1481,.T.);
#2091=ORIENTED_EDGE('',*,*,#1478,.T.);
#2092=ORIENTED_EDGE('',*,*,#1475,.T.);
#2093=ORIENTED_EDGE('',*,*,#1483,.F.);
#2094=ORIENTED_EDGE('',*,*,#1473,.F.);
#2095=ORIENTED_EDGE('',*,*,#1477,.F.);
#2096=ORIENTED_EDGE('',*,*,#1480,.F.);
#2097=CYLINDRICAL_SURFACE('',#2299,1.);
#2098=CYLINDRICAL_SURFACE('',#2302,0.999999999999996);
#2099=CYLINDRICAL_SURFACE('',#2305,0.999999999999996);
#2100=CYLINDRICAL_SURFACE('',#2308,1.00000001490116);
#2101=CYLINDRICAL_SURFACE('',#2311,0.999999999999996);
#2102=CYLINDRICAL_SURFACE('',#2314,1.);
#2103=CYLINDRICAL_SURFACE('',#2317,0.999999999999996);
#2104=CYLINDRICAL_SURFACE('',#2320,1.);
#2105=CYLINDRICAL_SURFACE('',#2366,4.99999999999999);
#2106=CYLINDRICAL_SURFACE('',#2369,5.);
#2107=CYLINDRICAL_SURFACE('',#2372,4.99999999999999);
#2108=CYLINDRICAL_SURFACE('',#2375,4.99999999999999);
#2109=CYLINDRICAL_SURFACE('',#2378,5.);
#2110=CYLINDRICAL_SURFACE('',#2381,5.);
#2111=CYLINDRICAL_SURFACE('',#2384,5.);
#2112=CYLINDRICAL_SURFACE('',#2387,5.);
#2113=CYLINDRICAL_SURFACE('',#2390,5.);
#2114=CYLINDRICAL_SURFACE('',#2392,5.);
#2115=CYLINDRICAL_SURFACE('',#2395,5.);
#2116=CYLINDRICAL_SURFACE('',#2398,5.);
#2117=CYLINDRICAL_SURFACE('',#2401,5.);
#2118=CYLINDRICAL_SURFACE('',#2404,5.);
#2119=CYLINDRICAL_SURFACE('',#2407,5.);
#2120=CYLINDRICAL_SURFACE('',#2410,5.);
#2121=CYLINDRICAL_SURFACE('',#2413,2.49999999999999);
#2122=CYLINDRICAL_SURFACE('',#2416,3.50000000000001);
#2123=CYLINDRICAL_SURFACE('',#2421,2.5);
#2124=CYLINDRICAL_SURFACE('',#2424,3.5);
#2125=CYLINDRICAL_SURFACE('',#2429,2.5);
#2126=CYLINDRICAL_SURFACE('',#2432,3.5);
#2127=CYLINDRICAL_SURFACE('',#2437,2.5);
#2128=CYLINDRICAL_SURFACE('',#2440,3.50000000000001);
#2129=CYLINDRICAL_SURFACE('',#2445,2.5);
#2130=CYLINDRICAL_SURFACE('',#2448,3.5);
#2131=CYLINDRICAL_SURFACE('',#2453,2.5);
#2132=CYLINDRICAL_SURFACE('',#2456,3.5);
#2133=CYLINDRICAL_SURFACE('',#2461,2.2360680108198);
#2134=CYLINDRICAL_SURFACE('',#2464,3.60555132919089);
#2135=CYLINDRICAL_SURFACE('',#2469,2.5);
#2136=CYLINDRICAL_SURFACE('',#2472,3.5);
#2137=CYLINDRICAL_SURFACE('',#2477,5.);
#2138=CYLINDRICAL_SURFACE('',#2481,5.);
#2139=CYLINDRICAL_SURFACE('',#2489,5.);
#2140=CYLINDRICAL_SURFACE('',#2493,5.);
#2141=CYLINDRICAL_SURFACE('',#2501,5.);
#2142=CYLINDRICAL_SURFACE('',#2505,5.);
#2143=CYLINDRICAL_SURFACE('',#2513,5.);
#2144=CYLINDRICAL_SURFACE('',#2517,5.);
#2145=ADVANCED_FACE('',(#161),#2097,.F.);
#2146=ADVANCED_FACE('',(#162),#2098,.F.);
#2147=ADVANCED_FACE('',(#163),#2099,.F.);
#2148=ADVANCED_FACE('',(#164),#2100,.F.);
#2149=ADVANCED_FACE('',(#165),#2101,.F.);
#2150=ADVANCED_FACE('',(#166),#2102,.F.);
#2151=ADVANCED_FACE('',(#167),#2103,.F.);
#2152=ADVANCED_FACE('',(#168),#2104,.F.);
#2153=ADVANCED_FACE('',(#169),#81,.F.);
#2154=ADVANCED_FACE('',(#170),#82,.F.);
#2155=ADVANCED_FACE('',(#171),#83,.F.);
#2156=ADVANCED_FACE('',(#172),#84,.F.);
#2157=ADVANCED_FACE('',(#173),#85,.F.);
#2158=ADVANCED_FACE('',(#174),#86,.F.);
#2159=ADVANCED_FACE('',(#175),#87,.F.);
#2160=ADVANCED_FACE('',(#176),#88,.F.);
#2161=ADVANCED_FACE('',(#177),#89,.F.);
#2162=ADVANCED_FACE('',(#178),#90,.F.);
#2163=ADVANCED_FACE('',(#179),#91,.F.);
#2164=ADVANCED_FACE('',(#180),#92,.F.);
#2165=ADVANCED_FACE('',(#181),#93,.F.);
#2166=ADVANCED_FACE('',(#182),#94,.F.);
#2167=ADVANCED_FACE('',(#183),#95,.F.);
#2168=ADVANCED_FACE('',(#184),#96,.F.);
#2169=ADVANCED_FACE('',(#185),#97,.T.);
#2170=ADVANCED_FACE('',(#186),#98,.T.);
#2171=ADVANCED_FACE('',(#187),#99,.T.);
#2172=ADVANCED_FACE('',(#188),#100,.T.);
#2173=ADVANCED_FACE('',(#189),#101,.T.);
#2174=ADVANCED_FACE('',(#190),#102,.T.);
#2175=ADVANCED_FACE('',(#191),#103,.T.);
#2176=ADVANCED_FACE('',(#192),#104,.T.);
#2177=ADVANCED_FACE('',(#193),#105,.T.);
#2178=ADVANCED_FACE('',(#194,#39,#40,#41,#42,#43,#44,#45,#46,#47,#48,#49,
#50,#51),#106,.F.);
#2179=ADVANCED_FACE('',(#195),#107,.F.);
#2180=ADVANCED_FACE('',(#196),#2105,.F.);
#2181=ADVANCED_FACE('',(#197),#108,.F.);
#2182=ADVANCED_FACE('',(#198),#2106,.F.);
#2183=ADVANCED_FACE('',(#199),#109,.F.);
#2184=ADVANCED_FACE('',(#200),#2107,.F.);
#2185=ADVANCED_FACE('',(#201),#110,.F.);
#2186=ADVANCED_FACE('',(#202),#2108,.F.);
#2187=ADVANCED_FACE('',(#203),#111,.T.);
#2188=ADVANCED_FACE('',(#204),#2109,.T.);
#2189=ADVANCED_FACE('',(#205),#112,.T.);
#2190=ADVANCED_FACE('',(#206),#2110,.T.);
#2191=ADVANCED_FACE('',(#207),#113,.T.);
#2192=ADVANCED_FACE('',(#208),#2111,.T.);
#2193=ADVANCED_FACE('',(#209),#114,.T.);
#2194=ADVANCED_FACE('',(#210),#2112,.T.);
#2195=ADVANCED_FACE('',(#211),#115,.T.);
#2196=ADVANCED_FACE('',(#212),#2113,.T.);
#2197=ADVANCED_FACE('',(#213),#2114,.T.);
#2198=ADVANCED_FACE('',(#214),#116,.T.);
#2199=ADVANCED_FACE('',(#215),#2115,.T.);
#2200=ADVANCED_FACE('',(#216),#117,.T.);
#2201=ADVANCED_FACE('',(#217),#2116,.T.);
#2202=ADVANCED_FACE('',(#218),#118,.T.);
#2203=ADVANCED_FACE('',(#219),#2117,.T.);
#2204=ADVANCED_FACE('',(#220),#119,.T.);
#2205=ADVANCED_FACE('',(#221),#2118,.T.);
#2206=ADVANCED_FACE('',(#222),#120,.T.);
#2207=ADVANCED_FACE('',(#223),#2119,.T.);
#2208=ADVANCED_FACE('',(#224),#121,.T.);
#2209=ADVANCED_FACE('',(#225),#2120,.T.);
#2210=ADVANCED_FACE('',(#226,#52,#53,#54,#55,#56,#57,#58,#59,#60,#61,#62,
#63,#64),#122,.T.);
#2211=ADVANCED_FACE('',(#227),#2121,.F.);
#2212=ADVANCED_FACE('',(#228),#2122,.T.);
#2213=ADVANCED_FACE('',(#229,#65),#123,.T.);
#2214=ADVANCED_FACE('',(#230,#66),#124,.F.);
#2215=ADVANCED_FACE('',(#231),#2123,.F.);
#2216=ADVANCED_FACE('',(#232),#2124,.T.);
#2217=ADVANCED_FACE('',(#233,#67),#125,.T.);
#2218=ADVANCED_FACE('',(#234,#68),#126,.F.);
#2219=ADVANCED_FACE('',(#235),#2125,.F.);
#2220=ADVANCED_FACE('',(#236),#2126,.T.);
#2221=ADVANCED_FACE('',(#237,#69),#127,.T.);
#2222=ADVANCED_FACE('',(#238,#70),#128,.F.);
#2223=ADVANCED_FACE('',(#239),#2127,.F.);
#2224=ADVANCED_FACE('',(#240),#2128,.T.);
#2225=ADVANCED_FACE('',(#241,#71),#129,.T.);
#2226=ADVANCED_FACE('',(#242,#72),#130,.F.);
#2227=ADVANCED_FACE('',(#243),#2129,.F.);
#2228=ADVANCED_FACE('',(#244),#2130,.T.);
#2229=ADVANCED_FACE('',(#245,#73),#131,.T.);
#2230=ADVANCED_FACE('',(#246,#74),#132,.F.);
#2231=ADVANCED_FACE('',(#247),#2131,.F.);
#2232=ADVANCED_FACE('',(#248),#2132,.T.);
#2233=ADVANCED_FACE('',(#249,#75),#133,.T.);
#2234=ADVANCED_FACE('',(#250,#76),#134,.F.);
#2235=ADVANCED_FACE('',(#251),#2133,.F.);
#2236=ADVANCED_FACE('',(#252),#2134,.T.);
#2237=ADVANCED_FACE('',(#253,#77),#135,.T.);
#2238=ADVANCED_FACE('',(#254,#78),#136,.F.);
#2239=ADVANCED_FACE('',(#255),#2135,.F.);
#2240=ADVANCED_FACE('',(#256),#2136,.T.);
#2241=ADVANCED_FACE('',(#257,#79),#137,.T.);
#2242=ADVANCED_FACE('',(#258,#80),#138,.F.);
#2243=ADVANCED_FACE('',(#259),#2137,.T.);
#2244=ADVANCED_FACE('',(#260),#139,.T.);
#2245=ADVANCED_FACE('',(#261),#2138,.T.);
#2246=ADVANCED_FACE('',(#262),#140,.T.);
#2247=ADVANCED_FACE('',(#263),#141,.T.);
#2248=ADVANCED_FACE('',(#264),#142,.F.);
#2249=ADVANCED_FACE('',(#265),#143,.T.);
#2250=ADVANCED_FACE('',(#266),#144,.T.);
#2251=ADVANCED_FACE('',(#267),#2139,.T.);
#2252=ADVANCED_FACE('',(#268),#145,.T.);
#2253=ADVANCED_FACE('',(#269),#2140,.T.);
#2254=ADVANCED_FACE('',(#270),#146,.T.);
#2255=ADVANCED_FACE('',(#271),#147,.T.);
#2256=ADVANCED_FACE('',(#272),#148,.T.);
#2257=ADVANCED_FACE('',(#273),#149,.F.);
#2258=ADVANCED_FACE('',(#274),#150,.T.);
#2259=ADVANCED_FACE('',(#275),#2141,.T.);
#2260=ADVANCED_FACE('',(#276),#151,.T.);
#2261=ADVANCED_FACE('',(#277),#2142,.T.);
#2262=ADVANCED_FACE('',(#278),#152,.T.);
#2263=ADVANCED_FACE('',(#279),#153,.T.);
#2264=ADVANCED_FACE('',(#280),#154,.T.);
#2265=ADVANCED_FACE('',(#281),#155,.T.);
#2266=ADVANCED_FACE('',(#282),#156,.F.);
#2267=ADVANCED_FACE('',(#283),#2143,.T.);
#2268=ADVANCED_FACE('',(#284),#157,.T.);
#2269=ADVANCED_FACE('',(#285),#2144,.T.);
#2270=ADVANCED_FACE('',(#286),#158,.T.);
#2271=ADVANCED_FACE('',(#287),#159,.T.);
#2272=ADVANCED_FACE('',(#288),#160,.F.);
#2273=CLOSED_SHELL('',(#2145,#2146,#2147,#2148,#2149,#2150,#2151,#2152,
#2153,#2154,#2155,#2156,#2157,#2158,#2159,#2160,#2161,#2162,#2163,#2164,
#2165,#2166,#2167,#2168,#2169,#2170,#2171,#2172,#2173,#2174,#2175,#2176,
#2177,#2178,#2179,#2180,#2181,#2182,#2183,#2184,#2185,#2186,#2187,#2188,
#2189,#2190,#2191,#2192,#2193,#2194,#2195,#2196,#2197,#2198,#2199,#2200,
#2201,#2202,#2203,#2204,#2205,#2206,#2207,#2208,#2209,#2210));
#2274=CLOSED_SHELL('',(#2211,#2212,#2213,#2214));
#2275=CLOSED_SHELL('',(#2215,#2216,#2217,#2218));
#2276=CLOSED_SHELL('',(#2219,#2220,#2221,#2222));
#2277=CLOSED_SHELL('',(#2223,#2224,#2225,#2226));
#2278=CLOSED_SHELL('',(#2227,#2228,#2229,#2230));
#2279=CLOSED_SHELL('',(#2231,#2232,#2233,#2234));
#2280=CLOSED_SHELL('',(#2235,#2236,#2237,#2238));
#2281=CLOSED_SHELL('',(#2239,#2240,#2241,#2242));
#2282=CLOSED_SHELL('',(#2243,#2244,#2245,#2246,#2247,#2248));
#2283=CLOSED_SHELL('',(#2249,#2250,#2251,#2252,#2253,#2254,#2255,#2256,
#2257));
#2284=CLOSED_SHELL('',(#2258,#2259,#2260,#2261,#2262,#2263,#2264,#2265,
#2266));
#2285=CLOSED_SHELL('',(#2267,#2268,#2269,#2270,#2271,#2272));
#2286=DERIVED_UNIT_ELEMENT(#2288,1.);
#2287=DERIVED_UNIT_ELEMENT(#3827,-3.);
#2288=(
MASS_UNIT()
NAMED_UNIT(*)
SI_UNIT(.KILO.,.GRAM.)
);
#2289=DERIVED_UNIT((#2286,#2287));
#2290=MEASURE_REPRESENTATION_ITEM('density measure',
POSITIVE_RATIO_MEASURE(7850.),#2289);
#2291=PROPERTY_DEFINITION_REPRESENTATION(#2296,#2293);
#2292=PROPERTY_DEFINITION_REPRESENTATION(#2297,#2294);
#2293=REPRESENTATION('material name',(#2295),#3824);
#2294=REPRESENTATION('density',(#2290),#3824);
#2295=DESCRIPTIVE_REPRESENTATION_ITEM('Steel','Steel');
#2296=PROPERTY_DEFINITION('material property','material name',#3834);
#2297=PROPERTY_DEFINITION('material property','density of part',#3834);
#2298=AXIS2_PLACEMENT_3D('',#3183,#2523,#2524);
#2299=AXIS2_PLACEMENT_3D('',#3184,#2525,#2526);
#2300=AXIS2_PLACEMENT_3D('',#3186,#2527,#2528);
#2301=AXIS2_PLACEMENT_3D('',#3189,#2530,#2531);
#2302=AXIS2_PLACEMENT_3D('',#3190,#2532,#2533);
#2303=AXIS2_PLACEMENT_3D('',#3192,#2534,#2535);
#2304=AXIS2_PLACEMENT_3D('',#3195,#2537,#2538);
#2305=AXIS2_PLACEMENT_3D('',#3196,#2539,#2540);
#2306=AXIS2_PLACEMENT_3D('',#3198,#2541,#2542);
#2307=AXIS2_PLACEMENT_3D('',#3201,#2544,#2545);
#2308=AXIS2_PLACEMENT_3D('',#3202,#2546,#2547);
#2309=AXIS2_PLACEMENT_3D('',#3204,#2548,#2549);
#2310=AXIS2_PLACEMENT_3D('',#3207,#2551,#2552);
#2311=AXIS2_PLACEMENT_3D('',#3208,#2553,#2554);
#2312=AXIS2_PLACEMENT_3D('',#3210,#2555,#2556);
#2313=AXIS2_PLACEMENT_3D('',#3213,#2558,#2559);
#2314=AXIS2_PLACEMENT_3D('',#3214,#2560,#2561);
#2315=AXIS2_PLACEMENT_3D('',#3216,#2562,#2563);
#2316=AXIS2_PLACEMENT_3D('',#3219,#2565,#2566);
#2317=AXIS2_PLACEMENT_3D('',#3220,#2567,#2568);
#2318=AXIS2_PLACEMENT_3D('',#3222,#2569,#2570);
#2319=AXIS2_PLACEMENT_3D('',#3225,#2572,#2573);
#2320=AXIS2_PLACEMENT_3D('',#3226,#2574,#2575);
#2321=AXIS2_PLACEMENT_3D('',#3228,#2576,#2577);
#2322=AXIS2_PLACEMENT_3D('',#3231,#2579,#2580);
#2323=AXIS2_PLACEMENT_3D('',#3232,#2581,#2582);
#2324=AXIS2_PLACEMENT_3D('',#3241,#2587,#2588);
#2325=AXIS2_PLACEMENT_3D('',#3247,#2592,#2593);
#2326=AXIS2_PLACEMENT_3D('',#3253,#2597,#2598);
#2327=AXIS2_PLACEMENT_3D('',#3256,#2601,#2602);
#2328=AXIS2_PLACEMENT_3D('',#3265,#2607,#2608);
#2329=AXIS2_PLACEMENT_3D('',#3271,#2612,#2613);
#2330=AXIS2_PLACEMENT_3D('',#3277,#2617,#2618);
#2331=AXIS2_PLACEMENT_3D('',#3280,#2621,#2622);
#2332=AXIS2_PLACEMENT_3D('',#3289,#2627,#2628);
#2333=AXIS2_PLACEMENT_3D('',#3295,#2632,#2633);
#2334=AXIS2_PLACEMENT_3D('',#3301,#2637,#2638);
#2335=AXIS2_PLACEMENT_3D('',#3304,#2641,#2642);
#2336=AXIS2_PLACEMENT_3D('',#3313,#2647,#2648);
#2337=AXIS2_PLACEMENT_3D('',#3319,#2652,#2653);
#2338=AXIS2_PLACEMENT_3D('',#3325,#2657,#2658);
#2339=AXIS2_PLACEMENT_3D('',#3328,#2661,#2662);
#2340=AXIS2_PLACEMENT_3D('',#3337,#2667,#2668);
#2341=AXIS2_PLACEMENT_3D('',#3346,#2673,#2674);
#2342=AXIS2_PLACEMENT_3D('',#3355,#2679,#2680);
#2343=AXIS2_PLACEMENT_3D('',#3364,#2685,#2686);
#2344=AXIS2_PLACEMENT_3D('',#3370,#2690,#2691);
#2345=AXIS2_PLACEMENT_3D('',#3376,#2695,#2696);
#2346=AXIS2_PLACEMENT_3D('',#3382,#2700,#2701);
#2347=AXIS2_PLACEMENT_3D('',#3388,#2705,#2706);
#2348=AXIS2_PLACEMENT_3D('',#3394,#2710,#2711);
#2349=AXIS2_PLACEMENT_3D('',#3398,#2713,#2714);
#2350=AXIS2_PLACEMENT_3D('',#3402,#2716,#2717);
#2351=AXIS2_PLACEMENT_3D('',#3405,#2719,#2720);
#2352=AXIS2_PLACEMENT_3D('',#3409,#2722,#2723);
#2353=AXIS2_PLACEMENT_3D('',#3413,#2725,#2726);
#2354=AXIS2_PLACEMENT_3D('',#3416,#2728,#2729);
#2355=AXIS2_PLACEMENT_3D('',#3420,#2731,#2732);
#2356=AXIS2_PLACEMENT_3D('',#3424,#2734,#2735);
#2357=AXIS2_PLACEMENT_3D('',#3427,#2737,#2738);
#2358=AXIS2_PLACEMENT_3D('',#3429,#2739,#2740);
#2359=AXIS2_PLACEMENT_3D('',#3433,#2742,#2743);
#2360=AXIS2_PLACEMENT_3D('',#3436,#2745,#2746);
#2361=AXIS2_PLACEMENT_3D('',#3441,#2748,#2749);
#2362=AXIS2_PLACEMENT_3D('',#3445,#2751,#2752);
#2363=AXIS2_PLACEMENT_3D('',#3449,#2754,#2755);
#2364=AXIS2_PLACEMENT_3D('',#3452,#2757,#2758);
#2365=AXIS2_PLACEMENT_3D('',#3453,#2759,#2760);
#2366=AXIS2_PLACEMENT_3D('',#3459,#2764,#2765);
#2367=AXIS2_PLACEMENT_3D('',#3462,#2767,#2768);
#2368=AXIS2_PLACEMENT_3D('',#3463,#2769,#2770);
#2369=AXIS2_PLACEMENT_3D('',#3467,#2773,#2774);
#2370=AXIS2_PLACEMENT_3D('',#3470,#2776,#2777);
#2371=AXIS2_PLACEMENT_3D('',#3471,#2778,#2779);
#2372=AXIS2_PLACEMENT_3D('',#3475,#2782,#2783);
#2373=AXIS2_PLACEMENT_3D('',#3478,#2785,#2786);
#2374=AXIS2_PLACEMENT_3D('',#3479,#2787,#2788);
#2375=AXIS2_PLACEMENT_3D('',#3483,#2791,#2792);
#2376=AXIS2_PLACEMENT_3D('',#3484,#2793,#2794);
#2377=AXIS2_PLACEMENT_3D('',#3485,#2795,#2796);
#2378=AXIS2_PLACEMENT_3D('',#3491,#2800,#2801);
#2379=AXIS2_PLACEMENT_3D('',#3493,#2802,#2803);
#2380=AXIS2_PLACEMENT_3D('',#3495,#2805,#2806);
#2381=AXIS2_PLACEMENT_3D('',#3499,#2809,#2810);
#2382=AXIS2_PLACEMENT_3D('',#3500,#2811,#2812);
#2383=AXIS2_PLACEMENT_3D('',#3501,#2813,#2814);
#2384=AXIS2_PLACEMENT_3D('',#3505,#2817,#2818);
#2385=AXIS2_PLACEMENT_3D('',#3507,#2819,#2820);
#2386=AXIS2_PLACEMENT_3D('',#3509,#2822,#2823);
#2387=AXIS2_PLACEMENT_3D('',#3513,#2826,#2827);
#2388=AXIS2_PLACEMENT_3D('',#3515,#2828,#2829);
#2389=AXIS2_PLACEMENT_3D('',#3517,#2831,#2832);
#2390=AXIS2_PLACEMENT_3D('',#3521,#2835,#2836);
#2391=AXIS2_PLACEMENT_3D('',#3522,#2837,#2838);
#2392=AXIS2_PLACEMENT_3D('',#3523,#2839,#2840);
#2393=AXIS2_PLACEMENT_3D('',#3525,#2841,#2842);
#2394=AXIS2_PLACEMENT_3D('',#3527,#2844,#2845);
#2395=AXIS2_PLACEMENT_3D('',#3531,#2848,#2849);
#2396=AXIS2_PLACEMENT_3D('',#3533,#2850,#2851);
#2397=AXIS2_PLACEMENT_3D('',#3535,#2853,#2854);
#2398=AXIS2_PLACEMENT_3D('',#3539,#2857,#2858);
#2399=AXIS2_PLACEMENT_3D('',#3540,#2859,#2860);
#2400=AXIS2_PLACEMENT_3D('',#3541,#2861,#2862);
#2401=AXIS2_PLACEMENT_3D('',#3545,#2865,#2866);
#2402=AXIS2_PLACEMENT_3D('',#3547,#2867,#2868);
#2403=AXIS2_PLACEMENT_3D('',#3549,#2870,#2871);
#2404=AXIS2_PLACEMENT_3D('',#3553,#2874,#2875);
#2405=AXIS2_PLACEMENT_3D('',#3555,#2876,#2877);
#2406=AXIS2_PLACEMENT_3D('',#3557,#2879,#2880);
#2407=AXIS2_PLACEMENT_3D('',#3561,#2883,#2884);
#2408=AXIS2_PLACEMENT_3D('',#3562,#2885,#2886);
#2409=AXIS2_PLACEMENT_3D('',#3563,#2887,#2888);
#2410=AXIS2_PLACEMENT_3D('',#3567,#2891,#2892);
#2411=AXIS2_PLACEMENT_3D('',#3568,#2893,#2894);
#2412=AXIS2_PLACEMENT_3D('',#3569,#2895,#2896);
#2413=AXIS2_PLACEMENT_3D('',#3570,#2897,#2898);
#2414=AXIS2_PLACEMENT_3D('',#3572,#2899,#2900);
#2415=AXIS2_PLACEMENT_3D('',#3575,#2902,#2903);
#2416=AXIS2_PLACEMENT_3D('',#3576,#2904,#2905);
#2417=AXIS2_PLACEMENT_3D('',#3578,#2906,#2907);
#2418=AXIS2_PLACEMENT_3D('',#3581,#2909,#2910);
#2419=AXIS2_PLACEMENT_3D('',#3582,#2911,#2912);
#2420=AXIS2_PLACEMENT_3D('',#3583,#2913,#2914);
#2421=AXIS2_PLACEMENT_3D('',#3584,#2915,#2916);
#2422=AXIS2_PLACEMENT_3D('',#3586,#2917,#2918);
#2423=AXIS2_PLACEMENT_3D('',#3589,#2920,#2921);
#2424=AXIS2_PLACEMENT_3D('',#3590,#2922,#2923);
#2425=AXIS2_PLACEMENT_3D('',#3592,#2924,#2925);
#2426=AXIS2_PLACEMENT_3D('',#3595,#2927,#2928);
#2427=AXIS2_PLACEMENT_3D('',#3596,#2929,#2930);
#2428=AXIS2_PLACEMENT_3D('',#3597,#2931,#2932);
#2429=AXIS2_PLACEMENT_3D('',#3598,#2933,#2934);
#2430=AXIS2_PLACEMENT_3D('',#3600,#2935,#2936);
#2431=AXIS2_PLACEMENT_3D('',#3603,#2938,#2939);
#2432=AXIS2_PLACEMENT_3D('',#3604,#2940,#2941);
#2433=AXIS2_PLACEMENT_3D('',#3606,#2942,#2943);
#2434=AXIS2_PLACEMENT_3D('',#3609,#2945,#2946);
#2435=AXIS2_PLACEMENT_3D('',#3610,#2947,#2948);
#2436=AXIS2_PLACEMENT_3D('',#3611,#2949,#2950);
#2437=AXIS2_PLACEMENT_3D('',#3612,#2951,#2952);
#2438=AXIS2_PLACEMENT_3D('',#3614,#2953,#2954);
#2439=AXIS2_PLACEMENT_3D('',#3617,#2956,#2957);
#2440=AXIS2_PLACEMENT_3D('',#3618,#2958,#2959);
#2441=AXIS2_PLACEMENT_3D('',#3620,#2960,#2961);
#2442=AXIS2_PLACEMENT_3D('',#3623,#2963,#2964);
#2443=AXIS2_PLACEMENT_3D('',#3624,#2965,#2966);
#2444=AXIS2_PLACEMENT_3D('',#3625,#2967,#2968);
#2445=AXIS2_PLACEMENT_3D('',#3626,#2969,#2970);
#2446=AXIS2_PLACEMENT_3D('',#3628,#2971,#2972);
#2447=AXIS2_PLACEMENT_3D('',#3631,#2974,#2975);
#2448=AXIS2_PLACEMENT_3D('',#3632,#2976,#2977);
#2449=AXIS2_PLACEMENT_3D('',#3634,#2978,#2979);
#2450=AXIS2_PLACEMENT_3D('',#3637,#2981,#2982);
#2451=AXIS2_PLACEMENT_3D('',#3638,#2983,#2984);
#2452=AXIS2_PLACEMENT_3D('',#3639,#2985,#2986);
#2453=AXIS2_PLACEMENT_3D('',#3640,#2987,#2988);
#2454=AXIS2_PLACEMENT_3D('',#3642,#2989,#2990);
#2455=AXIS2_PLACEMENT_3D('',#3645,#2992,#2993);
#2456=AXIS2_PLACEMENT_3D('',#3646,#2994,#2995);
#2457=AXIS2_PLACEMENT_3D('',#3648,#2996,#2997);
#2458=AXIS2_PLACEMENT_3D('',#3651,#2999,#3000);
#2459=AXIS2_PLACEMENT_3D('',#3652,#3001,#3002);
#2460=AXIS2_PLACEMENT_3D('',#3653,#3003,#3004);
#2461=AXIS2_PLACEMENT_3D('',#3654,#3005,#3006);
#2462=AXIS2_PLACEMENT_3D('',#3656,#3007,#3008);
#2463=AXIS2_PLACEMENT_3D('',#3659,#3010,#3011);
#2464=AXIS2_PLACEMENT_3D('',#3660,#3012,#3013);
#2465=AXIS2_PLACEMENT_3D('',#3662,#3014,#3015);
#2466=AXIS2_PLACEMENT_3D('',#3665,#3017,#3018);
#2467=AXIS2_PLACEMENT_3D('',#3666,#3019,#3020);
#2468=AXIS2_PLACEMENT_3D('',#3667,#3021,#3022);
#2469=AXIS2_PLACEMENT_3D('',#3668,#3023,#3024);
#2470=AXIS2_PLACEMENT_3D('',#3670,#3025,#3026);
#2471=AXIS2_PLACEMENT_3D('',#3673,#3028,#3029);
#2472=AXIS2_PLACEMENT_3D('',#3674,#3030,#3031);
#2473=AXIS2_PLACEMENT_3D('',#3676,#3032,#3033);
#2474=AXIS2_PLACEMENT_3D('',#3679,#3035,#3036);
#2475=AXIS2_PLACEMENT_3D('',#3680,#3037,#3038);
#2476=AXIS2_PLACEMENT_3D('',#3681,#3039,#3040);
#2477=AXIS2_PLACEMENT_3D('',#3682,#3041,#3042);
#2478=AXIS2_PLACEMENT_3D('',#3685,#3043,#3044);
#2479=AXIS2_PLACEMENT_3D('',#3689,#3046,#3047);
#2480=AXIS2_PLACEMENT_3D('',#3691,#3049,#3050);
#2481=AXIS2_PLACEMENT_3D('',#3697,#3054,#3055);
#2482=AXIS2_PLACEMENT_3D('',#3699,#3056,#3057);
#2483=AXIS2_PLACEMENT_3D('',#3701,#3058,#3059);
#2484=AXIS2_PLACEMENT_3D('',#3703,#3061,#3062);
#2485=AXIS2_PLACEMENT_3D('',#3706,#3065,#3066);
#2486=AXIS2_PLACEMENT_3D('',#3707,#3067,#3068);
#2487=AXIS2_PLACEMENT_3D('',#3708,#3069,#3070);
#2488=AXIS2_PLACEMENT_3D('',#3717,#3075,#3076);
#2489=AXIS2_PLACEMENT_3D('',#3723,#3080,#3081);
#2490=AXIS2_PLACEMENT_3D('',#3725,#3082,#3083);
#2491=AXIS2_PLACEMENT_3D('',#3727,#3084,#3085);
#2492=AXIS2_PLACEMENT_3D('',#3729,#3087,#3088);
#2493=AXIS2_PLACEMENT_3D('',#3735,#3092,#3093);
#2494=AXIS2_PLACEMENT_3D('',#3737,#3094,#3095);
#2495=AXIS2_PLACEMENT_3D('',#3739,#3096,#3097);
#2496=AXIS2_PLACEMENT_3D('',#3741,#3099,#3100);
#2497=AXIS2_PLACEMENT_3D('',#3747,#3104,#3105);
#2498=AXIS2_PLACEMENT_3D('',#3750,#3108,#3109);
#2499=AXIS2_PLACEMENT_3D('',#3751,#3110,#3111);
#2500=AXIS2_PLACEMENT_3D('',#3752,#3112,#3113);
#2501=AXIS2_PLACEMENT_3D('',#3761,#3118,#3119);
#2502=AXIS2_PLACEMENT_3D('',#3763,#3120,#3121);
#2503=AXIS2_PLACEMENT_3D('',#3765,#3122,#3123);
#2504=AXIS2_PLACEMENT_3D('',#3767,#3125,#3126);
#2505=AXIS2_PLACEMENT_3D('',#3773,#3130,#3131);
#2506=AXIS2_PLACEMENT_3D('',#3775,#3132,#3133);
#2507=AXIS2_PLACEMENT_3D('',#3777,#3134,#3135);
#2508=AXIS2_PLACEMENT_3D('',#3779,#3137,#3138);
#2509=AXIS2_PLACEMENT_3D('',#3785,#3142,#3143);
#2510=AXIS2_PLACEMENT_3D('',#3791,#3147,#3148);
#2511=AXIS2_PLACEMENT_3D('',#3794,#3151,#3152);
#2512=AXIS2_PLACEMENT_3D('',#3795,#3153,#3154);
#2513=AXIS2_PLACEMENT_3D('',#3796,#3155,#3156);
#2514=AXIS2_PLACEMENT_3D('',#3799,#3157,#3158);
#2515=AXIS2_PLACEMENT_3D('',#3803,#3160,#3161);
#2516=AXIS2_PLACEMENT_3D('',#3805,#3163,#3164);
#2517=AXIS2_PLACEMENT_3D('',#3811,#3168,#3169);
#2518=AXIS2_PLACEMENT_3D('',#3813,#3170,#3171);
#2519=AXIS2_PLACEMENT_3D('',#3815,#3172,#3173);
#2520=AXIS2_PLACEMENT_3D('',#3817,#3175,#3176);
#2521=AXIS2_PLACEMENT_3D('',#3820,#3179,#3180);
#2522=AXIS2_PLACEMENT_3D('',#3821,#3181,#3182);
#2523=DIRECTION('axis',(0.,0.,1.));
#2524=DIRECTION('refdir',(1.,0.,0.));
#2525=DIRECTION('center_axis',(0.,0.,1.));
#2526=DIRECTION('ref_axis',(1.,0.,0.));
#2527=DIRECTION('center_axis',(0.,0.,1.));
#2528=DIRECTION('ref_axis',(1.,0.,0.));
#2529=DIRECTION('',(0.,0.,1.));
#2530=DIRECTION('center_axis',(0.,0.,-1.));
#2531=DIRECTION('ref_axis',(1.,0.,0.));
#2532=DIRECTION('center_axis',(0.,0.,1.));
#2533=DIRECTION('ref_axis',(1.,0.,0.));
#2534=DIRECTION('center_axis',(0.,0.,1.));
#2535=DIRECTION('ref_axis',(1.,0.,0.));
#2536=DIRECTION('',(0.,0.,1.));
#2537=DIRECTION('center_axis',(0.,0.,-1.));
#2538=DIRECTION('ref_axis',(1.,0.,0.));
#2539=DIRECTION('center_axis',(0.,0.,1.));
#2540=DIRECTION('ref_axis',(1.,0.,0.));
#2541=DIRECTION('center_axis',(0.,0.,1.));
#2542=DIRECTION('ref_axis',(1.,0.,0.));
#2543=DIRECTION('',(0.,0.,1.));
#2544=DIRECTION('center_axis',(0.,0.,-1.));
#2545=DIRECTION('ref_axis',(1.,0.,0.));
#2546=DIRECTION('center_axis',(0.,0.,1.));
#2547=DIRECTION('ref_axis',(1.,0.,0.));
#2548=DIRECTION('center_axis',(0.,0.,1.));
#2549=DIRECTION('ref_axis',(1.,0.,0.));
#2550=DIRECTION('',(0.,0.,1.));
#2551=DIRECTION('center_axis',(0.,0.,-1.));
#2552=DIRECTION('ref_axis',(1.,0.,0.));
#2553=DIRECTION('center_axis',(0.,0.,1.));
#2554=DIRECTION('ref_axis',(1.,0.,0.));
#2555=DIRECTION('center_axis',(0.,0.,1.));
#2556=DIRECTION('ref_axis',(1.,0.,0.));
#2557=DIRECTION('',(0.,0.,1.));
#2558=DIRECTION('center_axis',(0.,0.,-1.));
#2559=DIRECTION('ref_axis',(1.,0.,0.));
#2560=DIRECTION('center_axis',(0.,0.,1.));
#2561=DIRECTION('ref_axis',(1.,0.,0.));
#2562=DIRECTION('center_axis',(0.,0.,1.));
#2563=DIRECTION('ref_axis',(1.,0.,0.));
#2564=DIRECTION('',(0.,0.,1.));
#2565=DIRECTION('center_axis',(0.,0.,-1.));
#2566=DIRECTION('ref_axis',(1.,0.,0.));
#2567=DIRECTION('center_axis',(0.,0.,1.));
#2568=DIRECTION('ref_axis',(1.,0.,0.));
#2569=DIRECTION('center_axis',(0.,0.,1.));
#2570=DIRECTION('ref_axis',(1.,0.,0.));
#2571=DIRECTION('',(0.,0.,1.));
#2572=DIRECTION('center_axis',(0.,0.,-1.));
#2573=DIRECTION('ref_axis',(1.,0.,0.));
#2574=DIRECTION('center_axis',(0.,0.,1.));
#2575=DIRECTION('ref_axis',(1.,0.,0.));
#2576=DIRECTION('center_axis',(0.,0.,1.));
#2577=DIRECTION('ref_axis',(1.,0.,0.));
#2578=DIRECTION('',(0.,0.,1.));
#2579=DIRECTION('center_axis',(0.,0.,-1.));
#2580=DIRECTION('ref_axis',(1.,0.,0.));
#2581=DIRECTION('center_axis',(1.,0.,0.));
#2582=DIRECTION('ref_axis',(0.,1.,0.));
#2583=DIRECTION('',(0.,-1.,0.));
#2584=DIRECTION('',(0.,0.,1.));
#2585=DIRECTION('',(0.,1.,0.));
#2586=DIRECTION('',(0.,0.,1.));
#2587=DIRECTION('center_axis',(0.,-1.,0.));
#2588=DIRECTION('ref_axis',(1.,0.,0.));
#2589=DIRECTION('',(-1.,0.,0.));
#2590=DIRECTION('',(1.,0.,0.));
#2591=DIRECTION('',(0.,0.,1.));
#2592=DIRECTION('center_axis',(-1.,0.,0.));
#2593=DIRECTION('ref_axis',(0.,-1.,0.));
#2594=DIRECTION('',(0.,1.,0.));
#2595=DIRECTION('',(0.,-1.,0.));
#2596=DIRECTION('',(0.,0.,1.));
#2597=DIRECTION('center_axis',(0.,1.,0.));
#2598=DIRECTION('ref_axis',(-1.,0.,0.));
#2599=DIRECTION('',(1.,0.,0.));
#2600=DIRECTION('',(-1.,0.,0.));
#2601=DIRECTION('center_axis',(0.,-1.,0.));
#2602=DIRECTION('ref_axis',(1.,0.,0.));
#2603=DIRECTION('',(-1.,0.,0.));
#2604=DIRECTION('',(0.,0.,1.));
#2605=DIRECTION('',(1.,0.,0.));
#2606=DIRECTION('',(0.,0.,1.));
#2607=DIRECTION('center_axis',(-1.,0.,0.));
#2608=DIRECTION('ref_axis',(0.,-1.,0.));
#2609=DIRECTION('',(0.,1.,0.));
#2610=DIRECTION('',(0.,-1.,0.));
#2611=DIRECTION('',(0.,0.,1.));
#2612=DIRECTION('center_axis',(0.,1.,0.));
#2613=DIRECTION('ref_axis',(-1.,0.,0.));
#2614=DIRECTION('',(1.,0.,0.));
#2615=DIRECTION('',(-1.,0.,0.));
#2616=DIRECTION('',(0.,0.,1.));
#2617=DIRECTION('center_axis',(1.,0.,0.));
#2618=DIRECTION('ref_axis',(0.,1.,0.));
#2619=DIRECTION('',(0.,-1.,0.));
#2620=DIRECTION('',(0.,1.,0.));
#2621=DIRECTION('center_axis',(0.,-1.,0.));
#2622=DIRECTION('ref_axis',(1.,0.,0.));
#2623=DIRECTION('',(-1.,0.,0.));
#2624=DIRECTION('',(0.,0.,1.));
#2625=DIRECTION('',(1.,0.,0.));
#2626=DIRECTION('',(0.,0.,1.));
#2627=DIRECTION('center_axis',(-1.,0.,0.));
#2628=DIRECTION('ref_axis',(0.,-1.,0.));
#2629=DIRECTION('',(0.,1.,0.));
#2630=DIRECTION('',(0.,-1.,0.));
#2631=DIRECTION('',(0.,0.,1.));
#2632=DIRECTION('center_axis',(0.,1.,0.));
#2633=DIRECTION('ref_axis',(-1.,0.,0.));
#2634=DIRECTION('',(1.,0.,0.));
#2635=DIRECTION('',(-1.,0.,0.));
#2636=DIRECTION('',(0.,0.,1.));
#2637=DIRECTION('center_axis',(1.,0.,0.));
#2638=DIRECTION('ref_axis',(0.,1.,0.));
#2639=DIRECTION('',(0.,-1.,0.));
#2640=DIRECTION('',(0.,1.,0.));
#2641=DIRECTION('center_axis',(1.,0.,0.));
#2642=DIRECTION('ref_axis',(0.,1.,0.));
#2643=DIRECTION('',(0.,-1.,0.));
#2644=DIRECTION('',(0.,0.,1.));
#2645=DIRECTION('',(0.,1.,0.));
#2646=DIRECTION('',(0.,0.,1.));
#2647=DIRECTION('center_axis',(0.,-1.,0.));
#2648=DIRECTION('ref_axis',(1.,0.,0.));
#2649=DIRECTION('',(-1.,0.,0.));
#2650=DIRECTION('',(1.,0.,0.));
#2651=DIRECTION('',(0.,0.,1.));
#2652=DIRECTION('center_axis',(-1.,0.,0.));
#2653=DIRECTION('ref_axis',(0.,-1.,0.));
#2654=DIRECTION('',(0.,1.,0.));
#2655=DIRECTION('',(0.,-1.,0.));
#2656=DIRECTION('',(0.,0.,1.));
#2657=DIRECTION('center_axis',(0.,1.,0.));
#2658=DIRECTION('ref_axis',(-1.,0.,0.));
#2659=DIRECTION('',(1.,0.,0.));
#2660=DIRECTION('',(-1.,0.,0.));
#2661=DIRECTION('center_axis',(0.,1.,0.));
#2662=DIRECTION('ref_axis',(-1.,0.,0.));
#2663=DIRECTION('',(0.,0.,1.));
#2664=DIRECTION('',(1.,0.,0.));
#2665=DIRECTION('',(0.,0.,-1.));
#2666=DIRECTION('',(-1.,0.,0.));
#2667=DIRECTION('center_axis',(1.,0.,0.));
#2668=DIRECTION('ref_axis',(0.,1.,0.));
#2669=DIRECTION('',(0.,0.,1.));
#2670=DIRECTION('',(0.,1.,0.));
#2671=DIRECTION('',(0.,0.,-1.));
#2672=DIRECTION('',(0.,1.,0.));
#2673=DIRECTION('center_axis',(-1.,0.,0.));
#2674=DIRECTION('ref_axis',(0.,-1.,0.));
#2675=DIRECTION('',(0.,0.,-1.));
#2676=DIRECTION('',(0.,-1.,0.));
#2677=DIRECTION('',(0.,0.,1.));
#2678=DIRECTION('',(0.,1.,0.));
#2679=DIRECTION('center_axis',(0.,-1.,0.));
#2680=DIRECTION('ref_axis',(1.,0.,0.));
#2681=DIRECTION('',(0.,0.,1.));
#2682=DIRECTION('',(-1.,0.,0.));
#2683=DIRECTION('',(0.,0.,-1.));
#2684=DIRECTION('',(1.,0.,0.));
#2685=DIRECTION('center_axis',(1.,0.,0.));
#2686=DIRECTION('ref_axis',(0.,1.,0.));
#2687=DIRECTION('',(0.,-1.,0.));
#2688=DIRECTION('',(0.,0.,1.));
#2689=DIRECTION('',(0.,1.,0.));
#2690=DIRECTION('center_axis',(0.,-1.,0.));
#2691=DIRECTION('ref_axis',(1.,0.,0.));
#2692=DIRECTION('',(-1.,0.,0.));
#2693=DIRECTION('',(0.,0.,1.));
#2694=DIRECTION('',(1.,0.,0.));
#2695=DIRECTION('center_axis',(0.,1.,0.));
#2696=DIRECTION('ref_axis',(-1.,0.,0.));
#2697=DIRECTION('',(1.,0.,0.));
#2698=DIRECTION('',(0.,0.,1.));
#2699=DIRECTION('',(-1.,0.,0.));
#2700=DIRECTION('center_axis',(0.,-1.,0.));
#2701=DIRECTION('ref_axis',(1.,0.,0.));
#2702=DIRECTION('',(1.,0.,0.));
#2703=DIRECTION('',(0.,0.,1.));
#2704=DIRECTION('',(-1.,0.,0.));
#2705=DIRECTION('center_axis',(-1.,0.,0.));
#2706=DIRECTION('ref_axis',(0.,-1.,0.));
#2707=DIRECTION('',(0.,-1.,0.));
#2708=DIRECTION('',(0.,0.,1.));
#2709=DIRECTION('',(0.,-1.,0.));
#2710=DIRECTION('center_axis',(0.,0.,1.));
#2711=DIRECTION('ref_axis',(1.,0.,0.));
#2712=DIRECTION('',(0.,1.,0.));
#2713=DIRECTION('center_axis',(0.,0.,1.));
#2714=DIRECTION('ref_axis',(0.,1.,0.));
#2715=DIRECTION('',(-1.,0.,0.));
#2716=DIRECTION('center_axis',(0.,0.,1.));
#2717=DIRECTION('ref_axis',(1.,0.,0.));
#2718=DIRECTION('',(0.,1.,0.));
#2719=DIRECTION('center_axis',(0.,0.,1.));
#2720=DIRECTION('ref_axis',(0.,-1.,0.));
#2721=DIRECTION('',(1.,0.,0.));
#2722=DIRECTION('center_axis',(0.,0.,1.));
#2723=DIRECTION('ref_axis',(1.,0.,0.));
#2724=DIRECTION('',(0.,1.,0.));
#2725=DIRECTION('center_axis',(0.,0.,1.));
#2726=DIRECTION('ref_axis',(0.,-1.,0.));
#2727=DIRECTION('',(1.,0.,0.));
#2728=DIRECTION('center_axis',(0.,0.,1.));
#2729=DIRECTION('ref_axis',(-1.,0.,0.));
#2730=DIRECTION('',(0.,-1.,0.));
#2731=DIRECTION('center_axis',(0.,0.,1.));
#2732=DIRECTION('ref_axis',(0.,-1.,0.));
#2733=DIRECTION('',(1.,0.,0.));
#2734=DIRECTION('center_axis',(0.,0.,1.));
#2735=DIRECTION('ref_axis',(-1.,0.,0.));
#2736=DIRECTION('',(0.,-1.,0.));
#2737=DIRECTION('center_axis',(0.,0.,1.));
#2738=DIRECTION('ref_axis',(-1.11022302462516E-16,1.,0.));
#2739=DIRECTION('center_axis',(0.,0.,1.));
#2740=DIRECTION('ref_axis',(-1.,0.,0.));
#2741=DIRECTION('',(0.,-1.,0.));
#2742=DIRECTION('center_axis',(0.,0.,1.));
#2743=DIRECTION('ref_axis',(-1.11022302462516E-16,1.,0.));
#2744=DIRECTION('',(-1.,0.,0.));
#2745=DIRECTION('center_axis',(0.,0.,1.));
#2746=DIRECTION('ref_axis',(1.,0.,0.));
#2747=DIRECTION('',(-1.,0.,0.));
#2748=DIRECTION('center_axis',(0.,0.,1.));
#2749=DIRECTION('ref_axis',(1.77635683940025E-15,1.,0.));
#2750=DIRECTION('',(0.,-1.,0.));
#2751=DIRECTION('center_axis',(0.,0.,1.));
#2752=DIRECTION('ref_axis',(-1.,1.77635683940025E-15,0.));
#2753=DIRECTION('',(1.,0.,0.));
#2754=DIRECTION('center_axis',(0.,0.,1.));
#2755=DIRECTION('ref_axis',(1.77635683940025E-15,-1.,0.));
#2756=DIRECTION('',(0.,1.,0.));
#2757=DIRECTION('center_axis',(0.,0.,1.));
#2758=DIRECTION('ref_axis',(1.,-1.77635683940025E-15,0.));
#2759=DIRECTION('center_axis',(0.,1.,0.));
#2760=DIRECTION('ref_axis',(-1.,0.,0.));
#2761=DIRECTION('',(0.,0.,1.));
#2762=DIRECTION('',(1.,0.,0.));
#2763=DIRECTION('',(0.,0.,1.));
#2764=DIRECTION('center_axis',(0.,0.,1.));
#2765=DIRECTION('ref_axis',(1.,-1.77635683940025E-15,0.));
#2766=DIRECTION('',(0.,0.,1.));
#2767=DIRECTION('center_axis',(0.,0.,-1.));
#2768=DIRECTION('ref_axis',(1.,-1.77635683940025E-15,0.));
#2769=DIRECTION('center_axis',(1.,0.,0.));
#2770=DIRECTION('ref_axis',(0.,1.,0.));
#2771=DIRECTION('',(0.,0.,1.));
#2772=DIRECTION('',(0.,-1.,0.));
#2773=DIRECTION('center_axis',(0.,0.,1.));
#2774=DIRECTION('ref_axis',(1.77635683940025E-15,-1.,0.));
#2775=DIRECTION('',(0.,0.,1.));
#2776=DIRECTION('center_axis',(0.,0.,-1.));
#2777=DIRECTION('ref_axis',(1.77635683940025E-15,-1.,0.));
#2778=DIRECTION('center_axis',(0.,-1.,0.));
#2779=DIRECTION('ref_axis',(1.,0.,0.));
#2780=DIRECTION('',(0.,0.,1.));
#2781=DIRECTION('',(-1.,0.,0.));
#2782=DIRECTION('center_axis',(0.,0.,1.));
#2783=DIRECTION('ref_axis',(-1.,1.77635683940025E-15,0.));
#2784=DIRECTION('',(0.,0.,1.));
#2785=DIRECTION('center_axis',(0.,0.,-1.));
#2786=DIRECTION('ref_axis',(-1.,1.77635683940025E-15,0.));
#2787=DIRECTION('center_axis',(-1.,0.,0.));
#2788=DIRECTION('ref_axis',(0.,-1.,0.));
#2789=DIRECTION('',(0.,0.,1.));
#2790=DIRECTION('',(0.,1.,0.));
#2791=DIRECTION('center_axis',(0.,0.,1.));
#2792=DIRECTION('ref_axis',(1.77635683940025E-15,1.,0.));
#2793=DIRECTION('center_axis',(0.,0.,-1.));
#2794=DIRECTION('ref_axis',(1.77635683940025E-15,1.,0.));
#2795=DIRECTION('center_axis',(1.,0.,0.));
#2796=DIRECTION('ref_axis',(0.,1.,0.));
#2797=DIRECTION('',(0.,0.,1.));
#2798=DIRECTION('',(0.,1.,0.));
#2799=DIRECTION('',(0.,0.,1.));
#2800=DIRECTION('center_axis',(0.,0.,1.));
#2801=DIRECTION('ref_axis',(0.,-1.,0.));
#2802=DIRECTION('center_axis',(0.,0.,1.));
#2803=DIRECTION('ref_axis',(0.,-1.,0.));
#2804=DIRECTION('',(0.,0.,1.));
#2805=DIRECTION('center_axis',(0.,-1.,0.));
#2806=DIRECTION('ref_axis',(1.,0.,0.));
#2807=DIRECTION('',(1.,0.,0.));
#2808=DIRECTION('',(0.,0.,1.));
#2809=DIRECTION('center_axis',(0.,0.,1.));
#2810=DIRECTION('ref_axis',(-1.,0.,0.));
#2811=DIRECTION('center_axis',(0.,0.,1.));
#2812=DIRECTION('ref_axis',(-1.,0.,0.));
#2813=DIRECTION('center_axis',(1.,0.,0.));
#2814=DIRECTION('ref_axis',(0.,1.,0.));
#2815=DIRECTION('',(0.,1.,0.));
#2816=DIRECTION('',(0.,0.,1.));
#2817=DIRECTION('center_axis',(0.,0.,1.));
#2818=DIRECTION('ref_axis',(0.,-1.,0.));
#2819=DIRECTION('center_axis',(0.,0.,1.));
#2820=DIRECTION('ref_axis',(0.,-1.,0.));
#2821=DIRECTION('',(0.,0.,1.));
#2822=DIRECTION('center_axis',(0.,-1.,0.));
#2823=DIRECTION('ref_axis',(1.,0.,0.));
#2824=DIRECTION('',(1.,0.,0.));
#2825=DIRECTION('',(0.,0.,1.));
#2826=DIRECTION('center_axis',(0.,0.,1.));
#2827=DIRECTION('ref_axis',(-1.,0.,0.));
#2828=DIRECTION('center_axis',(0.,0.,1.));
#2829=DIRECTION('ref_axis',(-1.,0.,0.));
#2830=DIRECTION('',(0.,0.,1.));
#2831=DIRECTION('center_axis',(-1.,0.,0.));
#2832=DIRECTION('ref_axis',(0.,-1.,0.));
#2833=DIRECTION('',(0.,-1.,0.));
#2834=DIRECTION('',(0.,0.,1.));
#2835=DIRECTION('center_axis',(0.,0.,1.));
#2836=DIRECTION('ref_axis',(-1.11022302462516E-16,1.,0.));
#2837=DIRECTION('center_axis',(0.,0.,1.));
#2838=DIRECTION('ref_axis',(-1.11022302462516E-16,1.,0.));
#2839=DIRECTION('center_axis',(0.,0.,1.));
#2840=DIRECTION('ref_axis',(-1.,0.,0.));
#2841=DIRECTION('center_axis',(0.,0.,1.));
#2842=DIRECTION('ref_axis',(-1.,0.,0.));
#2843=DIRECTION('',(0.,0.,1.));
#2844=DIRECTION('center_axis',(-1.,0.,0.));
#2845=DIRECTION('ref_axis',(0.,-1.,0.));
#2846=DIRECTION('',(0.,-1.,0.));
#2847=DIRECTION('',(0.,0.,1.));
#2848=DIRECTION('center_axis',(0.,0.,1.));
#2849=DIRECTION('ref_axis',(-1.11022302462516E-16,1.,0.));
#2850=DIRECTION('center_axis',(0.,0.,1.));
#2851=DIRECTION('ref_axis',(-1.11022302462516E-16,1.,0.));
#2852=DIRECTION('',(0.,0.,1.));
#2853=DIRECTION('center_axis',(0.,1.,0.));
#2854=DIRECTION('ref_axis',(-1.,0.,0.));
#2855=DIRECTION('',(-1.,0.,0.));
#2856=DIRECTION('',(0.,0.,1.));
#2857=DIRECTION('center_axis',(0.,0.,1.));
#2858=DIRECTION('ref_axis',(1.,0.,0.));
#2859=DIRECTION('center_axis',(0.,0.,1.));
#2860=DIRECTION('ref_axis',(1.,0.,0.));
#2861=DIRECTION('center_axis',(-1.,0.,0.));
#2862=DIRECTION('ref_axis',(0.,-1.,0.));
#2863=DIRECTION('',(0.,-1.,0.));
#2864=DIRECTION('',(0.,0.,1.));
#2865=DIRECTION('center_axis',(0.,0.,1.));
#2866=DIRECTION('ref_axis',(0.,1.,0.));
#2867=DIRECTION('center_axis',(0.,0.,1.));
#2868=DIRECTION('ref_axis',(0.,1.,0.));
#2869=DIRECTION('',(0.,0.,1.));
#2870=DIRECTION('center_axis',(0.,1.,0.));
#2871=DIRECTION('ref_axis',(-1.,0.,0.));
#2872=DIRECTION('',(-1.,0.,0.));
#2873=DIRECTION('',(0.,0.,1.));
#2874=DIRECTION('center_axis',(0.,0.,1.));
#2875=DIRECTION('ref_axis',(1.,0.,0.));
#2876=DIRECTION('center_axis',(0.,0.,1.));
#2877=DIRECTION('ref_axis',(1.,0.,0.));
#2878=DIRECTION('',(0.,0.,1.));
#2879=DIRECTION('center_axis',(1.,0.,0.));
#2880=DIRECTION('ref_axis',(0.,1.,0.));
#2881=DIRECTION('',(0.,1.,0.));
#2882=DIRECTION('',(0.,0.,1.));
#2883=DIRECTION('center_axis',(0.,0.,1.));
#2884=DIRECTION('ref_axis',(0.,-1.,0.));
#2885=DIRECTION('center_axis',(0.,0.,1.));
#2886=DIRECTION('ref_axis',(0.,-1.,0.));
#2887=DIRECTION('center_axis',(0.,1.,0.));
#2888=DIRECTION('ref_axis',(-1.,0.,0.));
#2889=DIRECTION('',(-1.,0.,0.));
#2890=DIRECTION('',(0.,0.,1.));
#2891=DIRECTION('center_axis',(0.,0.,1.));
#2892=DIRECTION('ref_axis',(1.,0.,0.));
#2893=DIRECTION('center_axis',(0.,0.,1.));
#2894=DIRECTION('ref_axis',(1.,0.,0.));
#2895=DIRECTION('center_axis',(0.,0.,1.));
#2896=DIRECTION('ref_axis',(1.,0.,0.));
#2897=DIRECTION('center_axis',(0.,0.,1.));
#2898=DIRECTION('ref_axis',(1.,0.,0.));
#2899=DIRECTION('center_axis',(0.,0.,-1.));
#2900=DIRECTION('ref_axis',(1.,0.,0.));
#2901=DIRECTION('',(0.,0.,-1.));
#2902=DIRECTION('center_axis',(0.,0.,1.));
#2903=DIRECTION('ref_axis',(1.,0.,0.));
#2904=DIRECTION('center_axis',(0.,0.,1.));
#2905=DIRECTION('ref_axis',(1.,0.,0.));
#2906=DIRECTION('center_axis',(0.,0.,1.));
#2907=DIRECTION('ref_axis',(1.,0.,0.));
#2908=DIRECTION('',(0.,0.,-1.));
#2909=DIRECTION('center_axis',(0.,0.,1.));
#2910=DIRECTION('ref_axis',(1.,0.,0.));
#2911=DIRECTION('center_axis',(0.,0.,1.));
#2912=DIRECTION('ref_axis',(1.,0.,0.));
#2913=DIRECTION('center_axis',(0.,0.,1.));
#2914=DIRECTION('ref_axis',(1.,0.,0.));
#2915=DIRECTION('center_axis',(0.,0.,1.));
#2916=DIRECTION('ref_axis',(1.,0.,0.));
#2917=DIRECTION('center_axis',(0.,0.,-1.));
#2918=DIRECTION('ref_axis',(1.,0.,0.));
#2919=DIRECTION('',(0.,0.,-1.));
#2920=DIRECTION('center_axis',(0.,0.,1.));
#2921=DIRECTION('ref_axis',(1.,0.,0.));
#2922=DIRECTION('center_axis',(0.,0.,1.));
#2923=DIRECTION('ref_axis',(1.,0.,0.));
#2924=DIRECTION('center_axis',(0.,0.,1.));
#2925=DIRECTION('ref_axis',(1.,0.,0.));
#2926=DIRECTION('',(0.,0.,-1.));
#2927=DIRECTION('center_axis',(0.,0.,1.));
#2928=DIRECTION('ref_axis',(1.,0.,0.));
#2929=DIRECTION('center_axis',(0.,0.,1.));
#2930=DIRECTION('ref_axis',(1.,0.,0.));
#2931=DIRECTION('center_axis',(0.,0.,1.));
#2932=DIRECTION('ref_axis',(1.,0.,0.));
#2933=DIRECTION('center_axis',(0.,0.,1.));
#2934=DIRECTION('ref_axis',(1.,0.,0.));
#2935=DIRECTION('center_axis',(0.,0.,-1.));
#2936=DIRECTION('ref_axis',(1.,0.,0.));
#2937=DIRECTION('',(0.,0.,-1.));
#2938=DIRECTION('center_axis',(0.,0.,1.));
#2939=DIRECTION('ref_axis',(1.,0.,0.));
#2940=DIRECTION('center_axis',(0.,0.,1.));
#2941=DIRECTION('ref_axis',(1.,0.,0.));
#2942=DIRECTION('center_axis',(0.,0.,1.));
#2943=DIRECTION('ref_axis',(1.,0.,0.));
#2944=DIRECTION('',(0.,0.,-1.));
#2945=DIRECTION('center_axis',(0.,0.,1.));
#2946=DIRECTION('ref_axis',(1.,0.,0.));
#2947=DIRECTION('center_axis',(0.,0.,1.));
#2948=DIRECTION('ref_axis',(1.,0.,0.));
#2949=DIRECTION('center_axis',(0.,0.,1.));
#2950=DIRECTION('ref_axis',(1.,0.,0.));
#2951=DIRECTION('center_axis',(0.,0.,1.));
#2952=DIRECTION('ref_axis',(1.,0.,0.));
#2953=DIRECTION('center_axis',(0.,0.,-1.));
#2954=DIRECTION('ref_axis',(1.,0.,0.));
#2955=DIRECTION('',(0.,0.,-1.));
#2956=DIRECTION('center_axis',(0.,0.,1.));
#2957=DIRECTION('ref_axis',(1.,0.,0.));
#2958=DIRECTION('center_axis',(0.,0.,1.));
#2959=DIRECTION('ref_axis',(1.,0.,0.));
#2960=DIRECTION('center_axis',(0.,0.,1.));
#2961=DIRECTION('ref_axis',(1.,0.,0.));
#2962=DIRECTION('',(0.,0.,-1.));
#2963=DIRECTION('center_axis',(0.,0.,1.));
#2964=DIRECTION('ref_axis',(1.,0.,0.));
#2965=DIRECTION('center_axis',(0.,0.,1.));
#2966=DIRECTION('ref_axis',(1.,0.,0.));
#2967=DIRECTION('center_axis',(0.,0.,1.));
#2968=DIRECTION('ref_axis',(1.,0.,0.));
#2969=DIRECTION('center_axis',(0.,0.,1.));
#2970=DIRECTION('ref_axis',(1.,0.,0.));
#2971=DIRECTION('center_axis',(0.,0.,-1.));
#2972=DIRECTION('ref_axis',(1.,0.,0.));
#2973=DIRECTION('',(0.,0.,-1.));
#2974=DIRECTION('center_axis',(0.,0.,1.));
#2975=DIRECTION('ref_axis',(1.,0.,0.));
#2976=DIRECTION('center_axis',(0.,0.,1.));
#2977=DIRECTION('ref_axis',(1.,0.,0.));
#2978=DIRECTION('center_axis',(0.,0.,1.));
#2979=DIRECTION('ref_axis',(1.,0.,0.));
#2980=DIRECTION('',(0.,0.,-1.));
#2981=DIRECTION('center_axis',(0.,0.,1.));
#2982=DIRECTION('ref_axis',(1.,0.,0.));
#2983=DIRECTION('center_axis',(0.,0.,1.));
#2984=DIRECTION('ref_axis',(1.,0.,0.));
#2985=DIRECTION('center_axis',(0.,0.,1.));
#2986=DIRECTION('ref_axis',(1.,0.,0.));
#2987=DIRECTION('center_axis',(0.,0.,1.));
#2988=DIRECTION('ref_axis',(1.,0.,0.));
#2989=DIRECTION('center_axis',(0.,0.,-1.));
#2990=DIRECTION('ref_axis',(1.,0.,0.));
#2991=DIRECTION('',(0.,0.,-1.));
#2992=DIRECTION('center_axis',(0.,0.,1.));
#2993=DIRECTION('ref_axis',(1.,0.,0.));
#2994=DIRECTION('center_axis',(0.,0.,1.));
#2995=DIRECTION('ref_axis',(1.,0.,0.));
#2996=DIRECTION('center_axis',(0.,0.,1.));
#2997=DIRECTION('ref_axis',(1.,0.,0.));
#2998=DIRECTION('',(0.,0.,-1.));
#2999=DIRECTION('center_axis',(0.,0.,1.));
#3000=DIRECTION('ref_axis',(1.,0.,0.));
#3001=DIRECTION('center_axis',(0.,0.,1.));
#3002=DIRECTION('ref_axis',(1.,0.,0.));
#3003=DIRECTION('center_axis',(0.,0.,1.));
#3004=DIRECTION('ref_axis',(1.,0.,0.));
#3005=DIRECTION('center_axis',(0.,0.,1.));
#3006=DIRECTION('ref_axis',(1.,0.,0.));
#3007=DIRECTION('center_axis',(0.,0.,-1.));
#3008=DIRECTION('ref_axis',(1.,0.,0.));
#3009=DIRECTION('',(0.,0.,-1.));
#3010=DIRECTION('center_axis',(0.,0.,1.));
#3011=DIRECTION('ref_axis',(1.,0.,0.));
#3012=DIRECTION('center_axis',(0.,0.,1.));
#3013=DIRECTION('ref_axis',(1.,0.,0.));
#3014=DIRECTION('center_axis',(0.,0.,1.));
#3015=DIRECTION('ref_axis',(1.,0.,0.));
#3016=DIRECTION('',(0.,0.,-1.));
#3017=DIRECTION('center_axis',(0.,0.,1.));
#3018=DIRECTION('ref_axis',(1.,0.,0.));
#3019=DIRECTION('center_axis',(0.,0.,1.));
#3020=DIRECTION('ref_axis',(1.,0.,0.));
#3021=DIRECTION('center_axis',(0.,0.,1.));
#3022=DIRECTION('ref_axis',(1.,0.,0.));
#3023=DIRECTION('center_axis',(0.,0.,1.));
#3024=DIRECTION('ref_axis',(1.,0.,0.));
#3025=DIRECTION('center_axis',(0.,0.,-1.));
#3026=DIRECTION('ref_axis',(1.,0.,0.));
#3027=DIRECTION('',(0.,0.,-1.));
#3028=DIRECTION('center_axis',(0.,0.,1.));
#3029=DIRECTION('ref_axis',(1.,0.,0.));
#3030=DIRECTION('center_axis',(0.,0.,1.));
#3031=DIRECTION('ref_axis',(1.,0.,0.));
#3032=DIRECTION('center_axis',(0.,0.,1.));
#3033=DIRECTION('ref_axis',(1.,0.,0.));
#3034=DIRECTION('',(0.,0.,-1.));
#3035=DIRECTION('center_axis',(0.,0.,1.));
#3036=DIRECTION('ref_axis',(1.,0.,0.));
#3037=DIRECTION('center_axis',(0.,0.,1.));
#3038=DIRECTION('ref_axis',(1.,0.,0.));
#3039=DIRECTION('center_axis',(0.,0.,1.));
#3040=DIRECTION('ref_axis',(1.,0.,0.));
#3041=DIRECTION('center_axis',(0.,0.,1.));
#3042=DIRECTION('ref_axis',(0.,1.,0.));
#3043=DIRECTION('center_axis',(0.,0.,1.));
#3044=DIRECTION('ref_axis',(0.,1.,0.));
#3045=DIRECTION('',(0.,0.,1.));
#3046=DIRECTION('center_axis',(0.,0.,1.));
#3047=DIRECTION('ref_axis',(0.,1.,0.));
#3048=DIRECTION('',(0.,0.,1.));
#3049=DIRECTION('center_axis',(0.,1.,0.));
#3050=DIRECTION('ref_axis',(-1.,0.,0.));
#3051=DIRECTION('',(-1.,0.,0.));
#3052=DIRECTION('',(-1.,0.,0.));
#3053=DIRECTION('',(0.,0.,1.));
#3054=DIRECTION('center_axis',(0.,0.,1.));
#3055=DIRECTION('ref_axis',(1.,0.,0.));
#3056=DIRECTION('center_axis',(0.,0.,1.));
#3057=DIRECTION('ref_axis',(1.,0.,0.));
#3058=DIRECTION('center_axis',(0.,0.,1.));
#3059=DIRECTION('ref_axis',(1.,0.,0.));
#3060=DIRECTION('',(0.,0.,1.));
#3061=DIRECTION('center_axis',(0.,-1.,0.));
#3062=DIRECTION('ref_axis',(1.,0.,0.));
#3063=DIRECTION('',(1.,0.,0.));
#3064=DIRECTION('',(1.,0.,0.));
#3065=DIRECTION('center_axis',(0.,0.,1.));
#3066=DIRECTION('ref_axis',(1.,0.,0.));
#3067=DIRECTION('center_axis',(0.,0.,1.));
#3068=DIRECTION('ref_axis',(1.,0.,0.));
#3069=DIRECTION('center_axis',(5.71888448268518E-7,0.999999999999836,0.));
#3070=DIRECTION('ref_axis',(-0.999999999999836,5.71888448268518E-7,0.));
#3071=DIRECTION('',(0.999999999999836,-5.71888448268518E-7,0.));
#3072=DIRECTION('',(0.,0.,1.));
#3073=DIRECTION('',(-0.999999999999836,5.71888448268518E-7,0.));
#3074=DIRECTION('',(0.,0.,1.));
#3075=DIRECTION('center_axis',(0.999990022848064,0.00446701290881997,0.));
#3076=DIRECTION('ref_axis',(-0.00446701290881997,0.999990022848064,0.));
#3077=DIRECTION('',(0.00446701290881997,-0.999990022848064,0.));
#3078=DIRECTION('',(-0.00446701290881997,0.999990022848064,0.));
#3079=DIRECTION('',(0.,0.,1.));
#3080=DIRECTION('center_axis',(0.,0.,1.));
#3081=DIRECTION('ref_axis',(0.,-1.,0.));
#3082=DIRECTION('center_axis',(0.,0.,1.));
#3083=DIRECTION('ref_axis',(0.,-1.,0.));
#3084=DIRECTION('center_axis',(0.,0.,1.));
#3085=DIRECTION('ref_axis',(0.,-1.,0.));
#3086=DIRECTION('',(0.,0.,1.));
#3087=DIRECTION('center_axis',(0.,-1.,0.));
#3088=DIRECTION('ref_axis',(1.,0.,0.));
#3089=DIRECTION('',(1.,0.,0.));
#3090=DIRECTION('',(1.,0.,0.));
#3091=DIRECTION('',(0.,0.,1.));
#3092=DIRECTION('center_axis',(0.,0.,1.));
#3093=DIRECTION('ref_axis',(-1.,2.22044604925031E-16,0.));
#3094=DIRECTION('center_axis',(0.,0.,1.));
#3095=DIRECTION('ref_axis',(-1.,2.22044604925031E-16,0.));
#3096=DIRECTION('center_axis',(0.,0.,1.));
#3097=DIRECTION('ref_axis',(-1.,2.22044604925031E-16,0.));
#3098=DIRECTION('',(0.,0.,1.));
#3099=DIRECTION('center_axis',(-0.999999999999836,5.71888448207402E-7,0.));
#3100=DIRECTION('ref_axis',(-5.71888448207402E-7,-0.999999999999836,0.));
#3101=DIRECTION('',(-5.71888448207402E-7,-0.999999999999836,0.));
#3102=DIRECTION('',(-5.71888448207402E-7,-0.999999999999836,0.));
#3103=DIRECTION('',(0.,0.,1.));
#3104=DIRECTION('center_axis',(0.,1.,0.));
#3105=DIRECTION('ref_axis',(-1.,0.,0.));
#3106=DIRECTION('',(-1.,0.,0.));
#3107=DIRECTION('',(-1.,0.,0.));
#3108=DIRECTION('center_axis',(0.,0.,1.));
#3109=DIRECTION('ref_axis',(1.,0.,0.));
#3110=DIRECTION('center_axis',(0.,0.,1.));
#3111=DIRECTION('ref_axis',(1.,0.,0.));
#3112=DIRECTION('center_axis',(0.99999999999997,-2.45095049231776E-7,0.));
#3113=DIRECTION('ref_axis',(2.45095049231776E-7,0.99999999999997,0.));
#3114=DIRECTION('',(-2.45095049231776E-7,-0.99999999999997,0.));
#3115=DIRECTION('',(0.,0.,1.));
#3116=DIRECTION('',(2.45095049231776E-7,0.99999999999997,0.));
#3117=DIRECTION('',(0.,0.,1.));
#3118=DIRECTION('center_axis',(0.,0.,1.));
#3119=DIRECTION('ref_axis',(0.,-1.,0.));
#3120=DIRECTION('center_axis',(0.,0.,1.));
#3121=DIRECTION('ref_axis',(0.,-1.,0.));
#3122=DIRECTION('center_axis',(0.,0.,1.));
#3123=DIRECTION('ref_axis',(0.,-1.,0.));
#3124=DIRECTION('',(0.,0.,1.));
#3125=DIRECTION('center_axis',(0.,-1.,0.));
#3126=DIRECTION('ref_axis',(1.,0.,0.));
#3127=DIRECTION('',(1.,0.,0.));
#3128=DIRECTION('',(1.,0.,0.));
#3129=DIRECTION('',(0.,0.,1.));
#3130=DIRECTION('center_axis',(0.,0.,1.));
#3131=DIRECTION('ref_axis',(-1.,2.22044604925031E-16,0.));
#3132=DIRECTION('center_axis',(0.,0.,1.));
#3133=DIRECTION('ref_axis',(-1.,2.22044604925031E-16,0.));
#3134=DIRECTION('center_axis',(0.,0.,1.));
#3135=DIRECTION('ref_axis',(-1.,2.22044604925031E-16,0.));
#3136=DIRECTION('',(0.,0.,1.));
#3137=DIRECTION('center_axis',(-1.,0.,0.));
#3138=DIRECTION('ref_axis',(0.,-1.,0.));
#3139=DIRECTION('',(0.,-1.,0.));
#3140=DIRECTION('',(0.,-1.,0.));
#3141=DIRECTION('',(0.,0.,1.));
#3142=DIRECTION('center_axis',(0.032297479577644,0.999478300321189,0.));
#3143=DIRECTION('ref_axis',(-0.999478300321188,0.032297479577644,0.));
#3144=DIRECTION('',(-0.999478300321188,0.032297479577644,0.));
#3145=DIRECTION('',(-0.999478300321188,0.032297479577644,0.));
#3146=DIRECTION('',(0.,0.,1.));
#3147=DIRECTION('center_axis',(0.,1.,0.));
#3148=DIRECTION('ref_axis',(-1.,0.,0.));
#3149=DIRECTION('',(-1.,0.,0.));
#3150=DIRECTION('',(-1.,0.,0.));
#3151=DIRECTION('center_axis',(0.,0.,1.));
#3152=DIRECTION('ref_axis',(1.,0.,0.));
#3153=DIRECTION('center_axis',(0.,0.,1.));
#3154=DIRECTION('ref_axis',(1.,0.,0.));
#3155=DIRECTION('center_axis',(0.,0.,1.));
#3156=DIRECTION('ref_axis',(0.,1.,0.));
#3157=DIRECTION('center_axis',(0.,0.,1.));
#3158=DIRECTION('ref_axis',(0.,1.,0.));
#3159=DIRECTION('',(0.,0.,1.));
#3160=DIRECTION('center_axis',(0.,0.,1.));
#3161=DIRECTION('ref_axis',(0.,1.,0.));
#3162=DIRECTION('',(0.,0.,1.));
#3163=DIRECTION('center_axis',(0.,1.,0.));
#3164=DIRECTION('ref_axis',(-1.,0.,0.));
#3165=DIRECTION('',(-1.,0.,0.));
#3166=DIRECTION('',(-1.,0.,0.));
#3167=DIRECTION('',(0.,0.,1.));
#3168=DIRECTION('center_axis',(0.,0.,1.));
#3169=DIRECTION('ref_axis',(1.,0.,0.));
#3170=DIRECTION('center_axis',(0.,0.,1.));
#3171=DIRECTION('ref_axis',(1.,0.,0.));
#3172=DIRECTION('center_axis',(0.,0.,1.));
#3173=DIRECTION('ref_axis',(1.,0.,0.));
#3174=DIRECTION('',(0.,0.,1.));
#3175=DIRECTION('center_axis',(0.,-1.,0.));
#3176=DIRECTION('ref_axis',(1.,0.,0.));
#3177=DIRECTION('',(1.,0.,0.));
#3178=DIRECTION('',(1.,0.,0.));
#3179=DIRECTION('center_axis',(0.,0.,1.));
#3180=DIRECTION('ref_axis',(1.,0.,0.));
#3181=DIRECTION('center_axis',(0.,0.,1.));
#3182=DIRECTION('ref_axis',(1.,0.,0.));
#3183=CARTESIAN_POINT('',(0.,0.,0.));
#3184=CARTESIAN_POINT('Origin',(27.0000004023314,90.0000013411045,0.));
#3185=CARTESIAN_POINT('',(26.0000004023314,90.0000013411045,0.));
#3186=CARTESIAN_POINT('Origin',(27.0000004023314,90.0000013411045,0.));
#3187=CARTESIAN_POINT('',(26.0000004023314,90.0000013411045,5.));
#3188=CARTESIAN_POINT('',(26.0000004023314,90.0000013411045,0.));
#3189=CARTESIAN_POINT('Origin',(27.0000004023314,90.0000013411045,5.));
#3190=CARTESIAN_POINT('Origin',(72.0000010728836,90.0000013411045,0.));
#3191=CARTESIAN_POINT('',(71.0000010728836,90.0000013411045,0.));
#3192=CARTESIAN_POINT('Origin',(72.0000010728836,90.0000013411045,0.));
#3193=CARTESIAN_POINT('',(71.0000010728836,90.0000013411045,5.));
#3194=CARTESIAN_POINT('',(71.0000010728836,90.0000013411045,0.));
#3195=CARTESIAN_POINT('Origin',(72.0000010728836,90.0000013411045,5.));
#3196=CARTESIAN_POINT('Origin',(98.3156870501992,11.5305292036976,0.));
#3197=CARTESIAN_POINT('',(97.3156870501992,11.5305292036976,0.));
#3198=CARTESIAN_POINT('Origin',(98.3156870501992,11.5305292036976,0.));
#3199=CARTESIAN_POINT('',(97.3156870501992,11.5305292036976,5.));
#3200=CARTESIAN_POINT('',(97.3156870501992,11.5305292036976,0.));
#3201=CARTESIAN_POINT('Origin',(98.3156870501992,11.5305292036976,5.));
#3202=CARTESIAN_POINT('Origin',(28.0000004172325,11.0000001639128,0.));
#3203=CARTESIAN_POINT('',(27.0000004023314,11.0000001639128,0.));
#3204=CARTESIAN_POINT('Origin',(28.0000004172325,11.0000001639128,0.));
#3205=CARTESIAN_POINT('',(27.0000004023314,11.0000001639128,5.));
#3206=CARTESIAN_POINT('',(27.0000004023314,11.0000001639128,0.));
#3207=CARTESIAN_POINT('Origin',(28.0000004172325,11.0000001639128,5.));
#3208=CARTESIAN_POINT('Origin',(73.0000010877848,12.0000001788139,0.));
#3209=CARTESIAN_POINT('',(72.0000010877848,12.0000001788139,0.));
#3210=CARTESIAN_POINT('Origin',(73.0000010877848,12.0000001788139,0.));
#3211=CARTESIAN_POINT('',(72.0000010877848,12.0000001788139,5.));
#3212=CARTESIAN_POINT('',(72.0000010877848,12.0000001788139,0.));
#3213=CARTESIAN_POINT('Origin',(73.0000010877848,12.0000001788139,5.));
#3214=CARTESIAN_POINT('Origin',(3.00000004470348,11.0000001639128,0.));
#3215=CARTESIAN_POINT('',(2.00000004470348,11.0000001639128,0.));
#3216=CARTESIAN_POINT('Origin',(3.00000004470348,11.0000001639128,0.));
#3217=CARTESIAN_POINT('',(2.00000004470348,11.0000001639128,5.));
#3218=CARTESIAN_POINT('',(2.00000004470348,11.0000001639128,0.));
#3219=CARTESIAN_POINT('Origin',(3.00000004470348,11.0000001639128,5.));
#3220=CARTESIAN_POINT('Origin',(97.5306407203213,90.3704182652101,0.));
#3221=CARTESIAN_POINT('',(96.5306407203213,90.3704182652101,0.));
#3222=CARTESIAN_POINT('Origin',(97.5306407203213,90.3704182652101,0.));
#3223=CARTESIAN_POINT('',(96.5306407203213,90.3704182652101,5.));
#3224=CARTESIAN_POINT('',(96.5306407203213,90.3704182652101,0.));
#3225=CARTESIAN_POINT('Origin',(97.5306407203213,90.3704182652101,5.));
#3226=CARTESIAN_POINT('Origin',(2.00000002980232,90.0000013411045,0.));
#3227=CARTESIAN_POINT('',(1.00000002980232,90.0000013411045,0.));
#3228=CARTESIAN_POINT('Origin',(2.00000002980232,90.0000013411045,0.));
#3229=CARTESIAN_POINT('',(1.00000002980232,90.0000013411045,5.));
#3230=CARTESIAN_POINT('',(1.00000002980232,90.0000013411045,0.));
#3231=CARTESIAN_POINT('Origin',(2.00000002980232,90.0000013411045,5.));
#3232=CARTESIAN_POINT('Origin',(95.4997031172553,85.6786466382486,0.));
#3233=CARTESIAN_POINT('',(95.4997031172553,95.,5.));
#3234=CARTESIAN_POINT('',(95.4997031172553,85.6786466382486,5.));
#3235=CARTESIAN_POINT('',(95.4997031172553,67.8393233191243,5.));
#3236=CARTESIAN_POINT('',(95.4997031172553,95.,0.));
#3237=CARTESIAN_POINT('',(95.4997031172553,95.,0.));
#3238=CARTESIAN_POINT('',(95.4997031172553,85.6786466382486,0.));
#3239=CARTESIAN_POINT('',(95.4997031172553,67.8393233191243,0.));
#3240=CARTESIAN_POINT('',(95.4997031172553,85.6786466382486,0.));
#3241=CARTESIAN_POINT('Origin',(75.,85.6786466382486,0.));
#3242=CARTESIAN_POINT('',(75.,85.6786466382486,5.));
#3243=CARTESIAN_POINT('',(62.5,85.6786466382486,5.));
#3244=CARTESIAN_POINT('',(75.,85.6786466382486,0.));
#3245=CARTESIAN_POINT('',(62.5,85.6786466382486,0.));
#3246=CARTESIAN_POINT('',(75.,85.6786466382486,0.));
#3247=CARTESIAN_POINT('Origin',(75.,95.,0.));
#3248=CARTESIAN_POINT('',(75.,95.,5.));
#3249=CARTESIAN_POINT('',(75.,72.5,5.));
#3250=CARTESIAN_POINT('',(75.,95.,0.));
#3251=CARTESIAN_POINT('',(75.,72.5,0.));
#3252=CARTESIAN_POINT('',(75.,95.,0.));
#3253=CARTESIAN_POINT('Origin',(95.4997031172553,95.,0.));
#3254=CARTESIAN_POINT('',(72.7498515586277,95.,5.));
#3255=CARTESIAN_POINT('',(72.7498515586277,95.,0.));
#3256=CARTESIAN_POINT('Origin',(75.6986626353709,6.82392438042546,0.));
#3257=CARTESIAN_POINT('',(96.833427637765,6.82392438042546,5.));
#3258=CARTESIAN_POINT('',(75.6986626353709,6.82392438042546,5.));
#3259=CARTESIAN_POINT('',(62.8493313176855,6.82392438042546,5.));
#3260=CARTESIAN_POINT('',(96.833427637765,6.82392438042546,0.));
#3261=CARTESIAN_POINT('',(96.833427637765,6.82392438042546,0.));
#3262=CARTESIAN_POINT('',(75.6986626353709,6.82392438042546,0.));
#3263=CARTESIAN_POINT('',(62.8493313176855,6.82392438042546,0.));
#3264=CARTESIAN_POINT('',(75.6986626353709,6.82392438042546,0.));
#3265=CARTESIAN_POINT('Origin',(75.6986626353709,16.4179953354596,0.));
#3266=CARTESIAN_POINT('',(75.6986626353709,16.4179953354596,5.));
#3267=CARTESIAN_POINT('',(75.6986626353709,33.2089976677298,5.));
#3268=CARTESIAN_POINT('',(75.6986626353709,16.4179953354596,0.));
#3269=CARTESIAN_POINT('',(75.6986626353709,33.2089976677298,0.));
#3270=CARTESIAN_POINT('',(75.6986626353709,16.4179953354596,0.));
#3271=CARTESIAN_POINT('Origin',(96.833427637765,16.4179953354596,0.));
#3272=CARTESIAN_POINT('',(96.833427637765,16.4179953354596,5.));
#3273=CARTESIAN_POINT('',(73.4167138188825,16.4179953354596,5.));
#3274=CARTESIAN_POINT('',(96.833427637765,16.4179953354596,0.));
#3275=CARTESIAN_POINT('',(73.4167138188825,16.4179953354596,0.));
#3276=CARTESIAN_POINT('',(96.833427637765,16.4179953354596,0.));
#3277=CARTESIAN_POINT('Origin',(96.833427637765,6.82392438042546,0.));
#3278=CARTESIAN_POINT('',(96.833427637765,28.4119621902127,5.));
#3279=CARTESIAN_POINT('',(96.833427637765,28.4119621902127,0.));
#3280=CARTESIAN_POINT('Origin',(5.44884206245874,6.82392438042546,0.));
#3281=CARTESIAN_POINT('',(26.1664735450687,6.82392438042546,5.));
#3282=CARTESIAN_POINT('',(5.44884206245874,6.82392438042546,5.));
#3283=CARTESIAN_POINT('',(27.7244210312294,6.82392438042546,5.));
#3284=CARTESIAN_POINT('',(26.1664735450687,6.82392438042546,0.));
#3285=CARTESIAN_POINT('',(26.1664735450687,6.82392438042546,0.));
#3286=CARTESIAN_POINT('',(5.44884206245874,6.82392438042546,0.));
#3287=CARTESIAN_POINT('',(27.7244210312294,6.82392438042546,0.));
#3288=CARTESIAN_POINT('',(5.44884206245874,6.82392438042546,0.));
#3289=CARTESIAN_POINT('Origin',(5.44884206245874,16.4179953354596,0.));
#3290=CARTESIAN_POINT('',(5.44884206245874,16.4179953354596,5.));
#3291=CARTESIAN_POINT('',(5.44884206245874,33.2089976677298,5.));
#3292=CARTESIAN_POINT('',(5.44884206245874,16.4179953354596,0.));
#3293=CARTESIAN_POINT('',(5.44884206245874,33.2089976677298,0.));
#3294=CARTESIAN_POINT('',(5.44884206245874,16.4179953354596,0.));
#3295=CARTESIAN_POINT('Origin',(26.1664735450687,16.4179953354596,0.));
#3296=CARTESIAN_POINT('',(26.1664735450687,16.4179953354596,5.));
#3297=CARTESIAN_POINT('',(38.0832367725344,16.4179953354596,5.));
#3298=CARTESIAN_POINT('',(26.1664735450687,16.4179953354596,0.));
#3299=CARTESIAN_POINT('',(38.0832367725344,16.4179953354596,0.));
#3300=CARTESIAN_POINT('',(26.1664735450687,16.4179953354596,0.));
#3301=CARTESIAN_POINT('Origin',(26.1664735450687,6.82392438042546,0.));
#3302=CARTESIAN_POINT('',(26.1664735450687,28.4119621902127,5.));
#3303=CARTESIAN_POINT('',(26.1664735450687,28.4119621902127,0.));
#3304=CARTESIAN_POINT('Origin',(25.0459906255585,85.6786466382486,0.));
#3305=CARTESIAN_POINT('',(25.0459906255585,95.,5.));
#3306=CARTESIAN_POINT('',(25.0459906255585,85.6786466382486,5.));
#3307=CARTESIAN_POINT('',(25.0459906255585,67.8393233191243,5.));
#3308=CARTESIAN_POINT('',(25.0459906255585,95.,0.));
#3309=CARTESIAN_POINT('',(25.0459906255585,95.,0.));
#3310=CARTESIAN_POINT('',(25.0459906255585,85.6786466382486,0.));
#3311=CARTESIAN_POINT('',(25.0459906255585,67.8393233191243,0.));
#3312=CARTESIAN_POINT('',(25.0459906255585,85.6786466382486,0.));
#3313=CARTESIAN_POINT('Origin',(3.91122562316442,85.6786466382486,0.));
#3314=CARTESIAN_POINT('',(3.91122562316442,85.6786466382486,5.));
#3315=CARTESIAN_POINT('',(26.9556128115822,85.6786466382486,5.));
#3316=CARTESIAN_POINT('',(3.91122562316442,85.6786466382486,0.));
#3317=CARTESIAN_POINT('',(26.9556128115822,85.6786466382486,0.));
#3318=CARTESIAN_POINT('',(3.91122562316442,85.6786466382486,0.));
#3319=CARTESIAN_POINT('Origin',(3.91122562316442,95.,0.));
#3320=CARTESIAN_POINT('',(3.91122562316442,95.,5.));
#3321=CARTESIAN_POINT('',(3.91122562316442,72.5,5.));
#3322=CARTESIAN_POINT('',(3.91122562316442,95.,0.));
#3323=CARTESIAN_POINT('',(3.91122562316442,72.5,0.));
#3324=CARTESIAN_POINT('',(3.91122562316442,95.,0.));
#3325=CARTESIAN_POINT('Origin',(25.0459906255585,95.,0.));
#3326=CARTESIAN_POINT('',(37.5229953127792,95.,5.));
#3327=CARTESIAN_POINT('',(37.5229953127792,95.,0.));
#3328=CARTESIAN_POINT('Origin',(74.3061025946186,85.,0.));
#3329=CARTESIAN_POINT('',(70.,85.,0.));
#3330=CARTESIAN_POINT('',(70.,85.,5.));
#3331=CARTESIAN_POINT('',(70.,85.,0.));
#3332=CARTESIAN_POINT('',(30.,85.,0.));
#3333=CARTESIAN_POINT('',(30.,85.,0.));
#3334=CARTESIAN_POINT('',(30.,85.,5.));
#3335=CARTESIAN_POINT('',(30.,85.,0.));
#3336=CARTESIAN_POINT('',(30.,85.,5.));
#3337=CARTESIAN_POINT('Origin',(85.,27.399004842452,0.));
#3338=CARTESIAN_POINT('',(85.,30.,0.));
#3339=CARTESIAN_POINT('',(85.,30.,5.));
#3340=CARTESIAN_POINT('',(85.,30.,0.));
#3341=CARTESIAN_POINT('',(85.,70.,0.));
#3342=CARTESIAN_POINT('',(85.,27.399004842452,0.));
#3343=CARTESIAN_POINT('',(85.,70.,5.));
#3344=CARTESIAN_POINT('',(85.,70.,0.));
#3345=CARTESIAN_POINT('',(85.,27.399004842452,5.));
#3346=CARTESIAN_POINT('Origin',(15.,70.,0.));
#3347=CARTESIAN_POINT('',(15.,30.,5.));
#3348=CARTESIAN_POINT('',(15.,30.,0.));
#3349=CARTESIAN_POINT('',(15.,30.,0.));
#3350=CARTESIAN_POINT('',(15.,70.,5.));
#3351=CARTESIAN_POINT('',(15.,27.399004842452,5.));
#3352=CARTESIAN_POINT('',(15.,70.,0.));
#3353=CARTESIAN_POINT('',(15.,70.,0.));
#3354=CARTESIAN_POINT('',(15.,27.399004842452,0.));
#3355=CARTESIAN_POINT('Origin',(27.6582334212942,15.,0.));
#3356=CARTESIAN_POINT('',(30.,15.,0.));
#3357=CARTESIAN_POINT('',(30.,15.,5.));
#3358=CARTESIAN_POINT('',(30.,15.,0.));
#3359=CARTESIAN_POINT('',(70.,15.,0.));
#3360=CARTESIAN_POINT('',(70.,15.,0.));
#3361=CARTESIAN_POINT('',(70.,15.,5.));
#3362=CARTESIAN_POINT('',(70.,15.,0.));
#3363=CARTESIAN_POINT('',(70.,15.,5.));
#3364=CARTESIAN_POINT('Origin',(30.,80.,0.));
#3365=CARTESIAN_POINT('',(30.,95.,0.));
#3366=CARTESIAN_POINT('',(30.,95.,0.));
#3367=CARTESIAN_POINT('',(30.,95.,5.));
#3368=CARTESIAN_POINT('',(30.,95.,0.));
#3369=CARTESIAN_POINT('',(30.,95.,5.));
#3370=CARTESIAN_POINT('Origin',(80.,70.,0.));
#3371=CARTESIAN_POINT('',(95.,70.,0.));
#3372=CARTESIAN_POINT('',(95.,70.,0.));
#3373=CARTESIAN_POINT('',(95.,70.,5.));
#3374=CARTESIAN_POINT('',(95.,70.,0.));
#3375=CARTESIAN_POINT('',(95.,70.,5.));
#3376=CARTESIAN_POINT('Origin',(20.,30.,0.));
#3377=CARTESIAN_POINT('',(5.,30.,0.));
#3378=CARTESIAN_POINT('',(5.,30.,0.));
#3379=CARTESIAN_POINT('',(5.,30.,5.));
#3380=CARTESIAN_POINT('',(5.,30.,0.));
#3381=CARTESIAN_POINT('',(5.,30.,5.));
#3382=CARTESIAN_POINT('Origin',(5.,70.,0.));
#3383=CARTESIAN_POINT('',(5.,70.,5.));
#3384=CARTESIAN_POINT('',(20.,70.,5.));
#3385=CARTESIAN_POINT('',(5.,70.,0.));
#3386=CARTESIAN_POINT('',(5.,70.,0.));
#3387=CARTESIAN_POINT('',(20.,70.,0.));
#3388=CARTESIAN_POINT('Origin',(70.,20.,0.));
#3389=CARTESIAN_POINT('',(70.,5.,0.));
#3390=CARTESIAN_POINT('',(70.,20.,0.));
#3391=CARTESIAN_POINT('',(70.,5.,5.));
#3392=CARTESIAN_POINT('',(70.,5.,0.));
#3393=CARTESIAN_POINT('',(70.,20.,5.));
#3394=CARTESIAN_POINT('Origin',(50.,50.,0.));
#3395=CARTESIAN_POINT('',(70.,95.,0.));
#3396=CARTESIAN_POINT('',(70.,80.,0.));
#3397=CARTESIAN_POINT('',(75.,100.,0.));
#3398=CARTESIAN_POINT('Origin',(75.,95.,0.));
#3399=CARTESIAN_POINT('',(95.,100.,0.));
#3400=CARTESIAN_POINT('',(100.,100.,0.));
#3401=CARTESIAN_POINT('',(100.,95.,0.));
#3402=CARTESIAN_POINT('Origin',(95.,95.,0.));
#3403=CARTESIAN_POINT('',(100.,75.,0.));
#3404=CARTESIAN_POINT('',(100.,0.,0.));
#3405=CARTESIAN_POINT('Origin',(95.,75.,0.));
#3406=CARTESIAN_POINT('',(95.,30.,0.));
#3407=CARTESIAN_POINT('',(80.,30.,0.));
#3408=CARTESIAN_POINT('',(100.,25.,0.));
#3409=CARTESIAN_POINT('Origin',(95.,25.,0.));
#3410=CARTESIAN_POINT('',(100.,5.,0.));
#3411=CARTESIAN_POINT('',(100.,0.,0.));
#3412=CARTESIAN_POINT('',(95.,0.,0.));
#3413=CARTESIAN_POINT('Origin',(95.,5.,0.));
#3414=CARTESIAN_POINT('',(75.,0.,0.));
#3415=CARTESIAN_POINT('',(0.,0.,0.));
#3416=CARTESIAN_POINT('Origin',(75.,5.,0.));
#3417=CARTESIAN_POINT('',(30.,5.,0.));
#3418=CARTESIAN_POINT('',(30.,20.,0.));
#3419=CARTESIAN_POINT('',(25.,0.,0.));
#3420=CARTESIAN_POINT('Origin',(25.,5.,0.));
#3421=CARTESIAN_POINT('',(5.,0.,0.));
#3422=CARTESIAN_POINT('',(0.,0.,0.));
#3423=CARTESIAN_POINT('',(0.,5.,0.));
#3424=CARTESIAN_POINT('Origin',(5.,5.,0.));
#3425=CARTESIAN_POINT('',(0.,25.,0.));
#3426=CARTESIAN_POINT('',(0.,100.,0.));
#3427=CARTESIAN_POINT('Origin',(5.,25.,0.));
#3428=CARTESIAN_POINT('',(0.,75.,0.));
#3429=CARTESIAN_POINT('Origin',(5.,75.,0.));
#3430=CARTESIAN_POINT('',(0.,95.,0.));
#3431=CARTESIAN_POINT('',(0.,100.,0.));
#3432=CARTESIAN_POINT('',(5.,100.,0.));
#3433=CARTESIAN_POINT('Origin',(5.,95.,0.));
#3434=CARTESIAN_POINT('',(25.,100.,0.));
#3435=CARTESIAN_POINT('',(100.,100.,0.));
#3436=CARTESIAN_POINT('Origin',(25.,95.,0.));
#3437=CARTESIAN_POINT('',(64.1178368293918,68.8504773387151,0.));
#3438=CARTESIAN_POINT('',(36.1586865290393,68.8504773387151,0.));
#3439=CARTESIAN_POINT('',(57.0589184146959,68.8504773387151,0.));
#3440=CARTESIAN_POINT('',(31.1586865290393,63.8504773387151,0.));
#3441=CARTESIAN_POINT('Origin',(36.1586865290393,63.8504773387151,0.));
#3442=CARTESIAN_POINT('',(31.1586865290393,36.0303715449573,0.));
#3443=CARTESIAN_POINT('',(31.1586865290393,56.9252386693575,0.));
#3444=CARTESIAN_POINT('',(36.1586865290393,31.0303715449573,0.));
#3445=CARTESIAN_POINT('Origin',(36.1586865290393,36.0303715449573,0.));
#3446=CARTESIAN_POINT('',(64.1178368293918,31.0303715449573,0.));
#3447=CARTESIAN_POINT('',(43.0793432645196,31.0303715449573,0.));
#3448=CARTESIAN_POINT('',(69.1178368293918,36.0303715449573,0.));
#3449=CARTESIAN_POINT('Origin',(64.1178368293918,36.0303715449573,0.));
#3450=CARTESIAN_POINT('',(69.1178368293918,63.8504773387151,0.));
#3451=CARTESIAN_POINT('',(69.1178368293918,43.0151857724786,0.));
#3452=CARTESIAN_POINT('Origin',(64.1178368293918,63.8504773387151,0.));
#3453=CARTESIAN_POINT('Origin',(64.1178368293918,68.8504773387151,0.));
#3454=CARTESIAN_POINT('',(64.1178368293918,68.8504773387151,5.));
#3455=CARTESIAN_POINT('',(64.1178368293918,68.8504773387151,0.));
#3456=CARTESIAN_POINT('',(36.1586865290393,68.8504773387151,5.));
#3457=CARTESIAN_POINT('',(57.0589184146959,68.8504773387151,5.));
#3458=CARTESIAN_POINT('',(36.1586865290393,68.8504773387151,0.));
#3459=CARTESIAN_POINT('Origin',(64.1178368293918,63.8504773387151,0.));
#3460=CARTESIAN_POINT('',(69.1178368293918,63.8504773387151,5.));
#3461=CARTESIAN_POINT('',(69.1178368293918,63.8504773387151,0.));
#3462=CARTESIAN_POINT('Origin',(64.1178368293918,63.8504773387151,5.));
#3463=CARTESIAN_POINT('Origin',(69.1178368293918,36.0303715449573,0.));
#3464=CARTESIAN_POINT('',(69.1178368293918,36.0303715449573,5.));
#3465=CARTESIAN_POINT('',(69.1178368293918,36.0303715449573,0.));
#3466=CARTESIAN_POINT('',(69.1178368293918,43.0151857724786,5.));
#3467=CARTESIAN_POINT('Origin',(64.1178368293918,36.0303715449573,0.));
#3468=CARTESIAN_POINT('',(64.1178368293918,31.0303715449573,5.));
#3469=CARTESIAN_POINT('',(64.1178368293918,31.0303715449573,0.));
#3470=CARTESIAN_POINT('Origin',(64.1178368293918,36.0303715449573,5.));
#3471=CARTESIAN_POINT('Origin',(36.1586865290393,31.0303715449573,0.));
#3472=CARTESIAN_POINT('',(36.1586865290393,31.0303715449573,5.));
#3473=CARTESIAN_POINT('',(36.1586865290393,31.0303715449573,0.));
#3474=CARTESIAN_POINT('',(43.0793432645196,31.0303715449573,5.));
#3475=CARTESIAN_POINT('Origin',(36.1586865290393,36.0303715449573,0.));
#3476=CARTESIAN_POINT('',(31.1586865290393,36.0303715449573,5.));
#3477=CARTESIAN_POINT('',(31.1586865290393,36.0303715449573,0.));
#3478=CARTESIAN_POINT('Origin',(36.1586865290393,36.0303715449573,5.));
#3479=CARTESIAN_POINT('Origin',(31.1586865290393,63.8504773387151,0.));
#3480=CARTESIAN_POINT('',(31.1586865290393,63.8504773387151,5.));
#3481=CARTESIAN_POINT('',(31.1586865290393,63.8504773387151,0.));
#3482=CARTESIAN_POINT('',(31.1586865290393,56.9252386693575,5.));
#3483=CARTESIAN_POINT('Origin',(36.1586865290393,63.8504773387151,0.));
#3484=CARTESIAN_POINT('Origin',(36.1586865290393,63.8504773387151,5.));
#3485=CARTESIAN_POINT('Origin',(100.,5.,0.));
#3486=CARTESIAN_POINT('',(100.,25.,5.));
#3487=CARTESIAN_POINT('',(100.,25.,0.));
#3488=CARTESIAN_POINT('',(100.,5.,5.));
#3489=CARTESIAN_POINT('',(100.,0.,5.));
#3490=CARTESIAN_POINT('',(100.,5.,0.));
#3491=CARTESIAN_POINT('Origin',(95.,5.,0.));
#3492=CARTESIAN_POINT('',(95.,0.,5.));
#3493=CARTESIAN_POINT('Origin',(95.,5.,5.));
#3494=CARTESIAN_POINT('',(95.,0.,0.));
#3495=CARTESIAN_POINT('Origin',(75.,0.,0.));
#3496=CARTESIAN_POINT('',(75.,0.,5.));
#3497=CARTESIAN_POINT('',(0.,0.,5.));
#3498=CARTESIAN_POINT('',(75.,0.,0.));
#3499=CARTESIAN_POINT('Origin',(75.,5.,0.));
#3500=CARTESIAN_POINT('Origin',(75.,5.,5.));
#3501=CARTESIAN_POINT('Origin',(30.,5.,0.));
#3502=CARTESIAN_POINT('',(30.,5.,5.));
#3503=CARTESIAN_POINT('',(30.,20.,5.));
#3504=CARTESIAN_POINT('',(30.,5.,0.));
#3505=CARTESIAN_POINT('Origin',(25.,5.,0.));
#3506=CARTESIAN_POINT('',(25.,0.,5.));
#3507=CARTESIAN_POINT('Origin',(25.,5.,5.));
#3508=CARTESIAN_POINT('',(25.,0.,0.));
#3509=CARTESIAN_POINT('Origin',(5.,0.,0.));
#3510=CARTESIAN_POINT('',(5.,0.,5.));
#3511=CARTESIAN_POINT('',(0.,0.,5.));
#3512=CARTESIAN_POINT('',(5.,0.,0.));
#3513=CARTESIAN_POINT('Origin',(5.,5.,0.));
#3514=CARTESIAN_POINT('',(0.,5.,5.));
#3515=CARTESIAN_POINT('Origin',(5.,5.,5.));
#3516=CARTESIAN_POINT('',(0.,5.,0.));
#3517=CARTESIAN_POINT('Origin',(0.,25.,0.));
#3518=CARTESIAN_POINT('',(0.,25.,5.));
#3519=CARTESIAN_POINT('',(0.,100.,5.));
#3520=CARTESIAN_POINT('',(0.,25.,0.));
#3521=CARTESIAN_POINT('Origin',(5.,25.,0.));
#3522=CARTESIAN_POINT('Origin',(5.,25.,5.));
#3523=CARTESIAN_POINT('Origin',(5.,75.,0.));
#3524=CARTESIAN_POINT('',(0.,75.,5.));
#3525=CARTESIAN_POINT('Origin',(5.,75.,5.));
#3526=CARTESIAN_POINT('',(0.,75.,0.));
#3527=CARTESIAN_POINT('Origin',(0.,95.,0.));
#3528=CARTESIAN_POINT('',(0.,95.,5.));
#3529=CARTESIAN_POINT('',(0.,100.,5.));
#3530=CARTESIAN_POINT('',(0.,95.,0.));
#3531=CARTESIAN_POINT('Origin',(5.,95.,0.));
#3532=CARTESIAN_POINT('',(5.,100.,5.));
#3533=CARTESIAN_POINT('Origin',(5.,95.,5.));
#3534=CARTESIAN_POINT('',(5.,100.,0.));
#3535=CARTESIAN_POINT('Origin',(25.,100.,0.));
#3536=CARTESIAN_POINT('',(25.,100.,5.));
#3537=CARTESIAN_POINT('',(100.,100.,5.));
#3538=CARTESIAN_POINT('',(25.,100.,0.));
#3539=CARTESIAN_POINT('Origin',(25.,95.,0.));
#3540=CARTESIAN_POINT('Origin',(25.,95.,5.));
#3541=CARTESIAN_POINT('Origin',(70.,95.,0.));
#3542=CARTESIAN_POINT('',(70.,95.,5.));
#3543=CARTESIAN_POINT('',(70.,80.,5.));
#3544=CARTESIAN_POINT('',(70.,95.,0.));
#3545=CARTESIAN_POINT('Origin',(75.,95.,0.));
#3546=CARTESIAN_POINT('',(75.,100.,5.));
#3547=CARTESIAN_POINT('Origin',(75.,95.,5.));
#3548=CARTESIAN_POINT('',(75.,100.,0.));
#3549=CARTESIAN_POINT('Origin',(95.,100.,0.));
#3550=CARTESIAN_POINT('',(95.,100.,5.));
#3551=CARTESIAN_POINT('',(100.,100.,5.));
#3552=CARTESIAN_POINT('',(95.,100.,0.));
#3553=CARTESIAN_POINT('Origin',(95.,95.,0.));
#3554=CARTESIAN_POINT('',(100.,95.,5.));
#3555=CARTESIAN_POINT('Origin',(95.,95.,5.));
#3556=CARTESIAN_POINT('',(100.,95.,0.));
#3557=CARTESIAN_POINT('Origin',(100.,75.,0.));
#3558=CARTESIAN_POINT('',(100.,75.,5.));
#3559=CARTESIAN_POINT('',(100.,0.,5.));
#3560=CARTESIAN_POINT('',(100.,75.,0.));
#3561=CARTESIAN_POINT('Origin',(95.,75.,0.));
#3562=CARTESIAN_POINT('Origin',(95.,75.,5.));
#3563=CARTESIAN_POINT('Origin',(95.,30.,0.));
#3564=CARTESIAN_POINT('',(95.,30.,5.));
#3565=CARTESIAN_POINT('',(80.,30.,5.));
#3566=CARTESIAN_POINT('',(95.,30.,0.));
#3567=CARTESIAN_POINT('Origin',(95.,25.,0.));
#3568=CARTESIAN_POINT('Origin',(95.,25.,5.));
#3569=CARTESIAN_POINT('Origin',(50.,50.,5.));
#3570=CARTESIAN_POINT('Origin',(74.0000011026859,60.0000008940697,0.));
#3571=CARTESIAN_POINT('',(71.5000011026859,60.0000008940697,13.));
#3572=CARTESIAN_POINT('Origin',(74.0000011026859,60.0000008940697,13.));
#3573=CARTESIAN_POINT('',(71.5000011026859,60.0000008940697,0.));
#3574=CARTESIAN_POINT('',(71.5000011026859,60.0000008940697,0.));
#3575=CARTESIAN_POINT('Origin',(74.0000011026859,60.0000008940697,0.));
#3576=CARTESIAN_POINT('Origin',(74.0000011026859,60.0000008940697,0.));
#3577=CARTESIAN_POINT('',(70.5000011026859,60.0000008940697,13.));
#3578=CARTESIAN_POINT('Origin',(74.0000011026859,60.0000008940697,13.));
#3579=CARTESIAN_POINT('',(70.5000011026859,60.0000008940697,0.));
#3580=CARTESIAN_POINT('',(70.5000011026859,60.0000008940697,0.));
#3581=CARTESIAN_POINT('Origin',(74.0000011026859,60.0000008940697,0.));
#3582=CARTESIAN_POINT('Origin',(51.0000007599592,53.0000007897615,13.));
#3583=CARTESIAN_POINT('Origin',(51.0000007599592,53.0000007897615,0.));
#3584=CARTESIAN_POINT('Origin',(25.000000372529,43.0000006407499,0.));
#3585=CARTESIAN_POINT('',(22.500000372529,43.0000006407499,13.));
#3586=CARTESIAN_POINT('Origin',(25.000000372529,43.0000006407499,13.));
#3587=CARTESIAN_POINT('',(22.500000372529,43.0000006407499,0.));
#3588=CARTESIAN_POINT('',(22.500000372529,43.0000006407499,0.));
#3589=CARTESIAN_POINT('Origin',(25.000000372529,43.0000006407499,0.));
#3590=CARTESIAN_POINT('Origin',(25.000000372529,43.0000006407499,0.));
#3591=CARTESIAN_POINT('',(21.500000372529,43.0000006407499,13.));
#3592=CARTESIAN_POINT('Origin',(25.000000372529,43.0000006407499,13.));
#3593=CARTESIAN_POINT('',(21.500000372529,43.0000006407499,0.));
#3594=CARTESIAN_POINT('',(21.500000372529,43.0000006407499,0.));
#3595=CARTESIAN_POINT('Origin',(25.000000372529,43.0000006407499,0.));
#3596=CARTESIAN_POINT('Origin',(51.0000007599592,53.0000007897615,13.));
#3597=CARTESIAN_POINT('Origin',(51.0000007599592,53.0000007897615,0.));
#3598=CARTESIAN_POINT('Origin',(25.000000372529,59.0000008791685,0.));
#3599=CARTESIAN_POINT('',(22.500000372529,59.0000008791685,13.));
#3600=CARTESIAN_POINT('Origin',(25.000000372529,59.0000008791685,13.));
#3601=CARTESIAN_POINT('',(22.500000372529,59.0000008791685,0.));
#3602=CARTESIAN_POINT('',(22.500000372529,59.0000008791685,0.));
#3603=CARTESIAN_POINT('Origin',(25.000000372529,59.0000008791685,0.));
#3604=CARTESIAN_POINT('Origin',(25.000000372529,59.0000008791685,0.));
#3605=CARTESIAN_POINT('',(21.500000372529,59.0000008791685,13.));
#3606=CARTESIAN_POINT('Origin',(25.000000372529,59.0000008791685,13.));
#3607=CARTESIAN_POINT('',(21.500000372529,59.0000008791685,0.));
#3608=CARTESIAN_POINT('',(21.500000372529,59.0000008791685,0.));
#3609=CARTESIAN_POINT('Origin',(25.000000372529,59.0000008791685,0.));
#3610=CARTESIAN_POINT('Origin',(51.0000007599592,53.0000007897615,13.));
#3611=CARTESIAN_POINT('Origin',(51.0000007599592,53.0000007897615,0.));
#3612=CARTESIAN_POINT('Origin',(74.0000011026859,43.0000006407499,0.));
#3613=CARTESIAN_POINT('',(71.5000011026859,43.0000006407499,13.));
#3614=CARTESIAN_POINT('Origin',(74.0000011026859,43.0000006407499,13.));
#3615=CARTESIAN_POINT('',(71.5000011026859,43.0000006407499,0.));
#3616=CARTESIAN_POINT('',(71.5000011026859,43.0000006407499,0.));
#3617=CARTESIAN_POINT('Origin',(74.0000011026859,43.0000006407499,0.));
#3618=CARTESIAN_POINT('Origin',(74.0000011026859,43.0000006407499,0.));
#3619=CARTESIAN_POINT('',(70.5000011026859,43.0000006407499,13.));
#3620=CARTESIAN_POINT('Origin',(74.0000011026859,43.0000006407499,13.));
#3621=CARTESIAN_POINT('',(70.5000011026859,43.0000006407499,0.));
#3622=CARTESIAN_POINT('',(70.5000011026859,43.0000006407499,0.));
#3623=CARTESIAN_POINT('Origin',(74.0000011026859,43.0000006407499,0.));
#3624=CARTESIAN_POINT('Origin',(51.0000007599592,53.0000007897615,13.));
#3625=CARTESIAN_POINT('Origin',(51.0000007599592,53.0000007897615,0.));
#3626=CARTESIAN_POINT('Origin',(77.0000011473894,77.0000011473894,0.));
#3627=CARTESIAN_POINT('',(74.5000011473894,77.0000011473894,13.));
#3628=CARTESIAN_POINT('Origin',(77.0000011473894,77.0000011473894,13.));
#3629=CARTESIAN_POINT('',(74.5000011473894,77.0000011473894,0.));
#3630=CARTESIAN_POINT('',(74.5000011473894,77.0000011473894,0.));
#3631=CARTESIAN_POINT('Origin',(77.0000011473894,77.0000011473894,0.));
#3632=CARTESIAN_POINT('Origin',(77.0000011473894,77.0000011473894,0.));
#3633=CARTESIAN_POINT('',(73.5000011473894,77.0000011473894,13.));
#3634=CARTESIAN_POINT('Origin',(77.0000011473894,77.0000011473894,13.));
#3635=CARTESIAN_POINT('',(73.5000011473894,77.0000011473894,0.));
#3636=CARTESIAN_POINT('',(73.5000011473894,77.0000011473894,0.));
#3637=CARTESIAN_POINT('Origin',(77.0000011473894,77.0000011473894,0.));
#3638=CARTESIAN_POINT('Origin',(51.0000007599592,53.0000007897615,13.));
#3639=CARTESIAN_POINT('Origin',(51.0000007599592,53.0000007897615,0.));
#3640=CARTESIAN_POINT('Origin',(23.0000003427267,29.0000004321337,0.));
#3641=CARTESIAN_POINT('',(20.5000003427267,29.0000004321337,13.));
#3642=CARTESIAN_POINT('Origin',(23.0000003427267,29.0000004321337,13.));
#3643=CARTESIAN_POINT('',(20.5000003427267,29.0000004321337,0.));
#3644=CARTESIAN_POINT('',(20.5000003427267,29.0000004321337,0.));
#3645=CARTESIAN_POINT('Origin',(23.0000003427267,29.0000004321337,0.));
#3646=CARTESIAN_POINT('Origin',(23.0000003427267,29.0000004321337,0.));
#3647=CARTESIAN_POINT('',(19.5000003427267,29.0000004321337,13.));
#3648=CARTESIAN_POINT('Origin',(23.0000003427267,29.0000004321337,13.));
#3649=CARTESIAN_POINT('',(19.5000003427267,29.0000004321337,0.));
#3650=CARTESIAN_POINT('',(19.5000003427267,29.0000004321337,0.));
#3651=CARTESIAN_POINT('Origin',(23.0000003427267,29.0000004321337,0.));
#3652=CARTESIAN_POINT('Origin',(51.0000007599592,53.0000007897615,13.));
#3653=CARTESIAN_POINT('Origin',(51.0000007599592,53.0000007897615,0.));
#3654=CARTESIAN_POINT('Origin',(24.0000003576279,75.0000011175871,0.));
#3655=CARTESIAN_POINT('',(21.7639323468081,75.0000011175871,13.));
#3656=CARTESIAN_POINT('Origin',(24.0000003576279,75.0000011175871,13.));
#3657=CARTESIAN_POINT('',(21.7639323468081,75.0000011175871,0.));
#3658=CARTESIAN_POINT('',(21.7639323468081,75.0000011175871,0.));
#3659=CARTESIAN_POINT('Origin',(24.0000003576279,75.0000011175871,0.));
#3660=CARTESIAN_POINT('Origin',(24.0000003576279,75.0000011175871,0.));
#3661=CARTESIAN_POINT('',(20.394449028437,75.0000011175871,13.));
#3662=CARTESIAN_POINT('Origin',(24.0000003576279,75.0000011175871,13.));
#3663=CARTESIAN_POINT('',(20.394449028437,75.0000011175871,0.));
#3664=CARTESIAN_POINT('',(20.394449028437,75.0000011175871,0.));
#3665=CARTESIAN_POINT('Origin',(24.0000003576279,75.0000011175871,0.));
#3666=CARTESIAN_POINT('Origin',(51.0000007599592,53.0000007897615,13.));
#3667=CARTESIAN_POINT('Origin',(51.0000007599592,53.0000007897615,0.));
#3668=CARTESIAN_POINT('Origin',(79.0000011771917,29.0000004321337,0.));
#3669=CARTESIAN_POINT('',(76.5000011771917,29.0000004321337,13.));
#3670=CARTESIAN_POINT('Origin',(79.0000011771917,29.0000004321337,13.));
#3671=CARTESIAN_POINT('',(76.5000011771917,29.0000004321337,0.));
#3672=CARTESIAN_POINT('',(76.5000011771917,29.0000004321337,0.));
#3673=CARTESIAN_POINT('Origin',(79.0000011771917,29.0000004321337,0.));
#3674=CARTESIAN_POINT('Origin',(79.0000011771917,29.0000004321337,0.));
#3675=CARTESIAN_POINT('',(75.5000011771917,29.0000004321337,13.));
#3676=CARTESIAN_POINT('Origin',(79.0000011771917,29.0000004321337,13.));
#3677=CARTESIAN_POINT('',(75.5000011771917,29.0000004321337,0.));
#3678=CARTESIAN_POINT('',(75.5000011771917,29.0000004321337,0.));
#3679=CARTESIAN_POINT('Origin',(79.0000011771917,29.0000004321337,0.));
#3680=CARTESIAN_POINT('Origin',(51.0000007599592,53.0000007897615,13.));
#3681=CARTESIAN_POINT('Origin',(51.0000007599592,53.0000007897615,0.));
#3682=CARTESIAN_POINT('Origin',(75.,95.,0.));
#3683=CARTESIAN_POINT('',(75.,100.,0.));
#3684=CARTESIAN_POINT('',(70.,95.,0.));
#3685=CARTESIAN_POINT('Origin',(75.,95.,0.));
#3686=CARTESIAN_POINT('',(70.,95.,10.));
#3687=CARTESIAN_POINT('',(70.,95.,0.));
#3688=CARTESIAN_POINT('',(75.,100.,10.));
#3689=CARTESIAN_POINT('Origin',(75.,95.,10.));
#3690=CARTESIAN_POINT('',(75.,100.,0.));
#3691=CARTESIAN_POINT('Origin',(95.,100.,0.));
#3692=CARTESIAN_POINT('',(95.,100.,0.));
#3693=CARTESIAN_POINT('',(95.,100.,0.));
#3694=CARTESIAN_POINT('',(95.,100.,10.));
#3695=CARTESIAN_POINT('',(95.,100.,10.));
#3696=CARTESIAN_POINT('',(95.,100.,0.));
#3697=CARTESIAN_POINT('Origin',(95.,95.,0.));
#3698=CARTESIAN_POINT('',(100.,95.,0.));
#3699=CARTESIAN_POINT('Origin',(95.,95.,0.));
#3700=CARTESIAN_POINT('',(100.,95.,10.));
#3701=CARTESIAN_POINT('Origin',(95.,95.,10.));
#3702=CARTESIAN_POINT('',(100.,95.,0.));
#3703=CARTESIAN_POINT('Origin',(70.,95.,0.));
#3704=CARTESIAN_POINT('',(70.,95.,0.));
#3705=CARTESIAN_POINT('',(70.,95.,10.));
#3706=CARTESIAN_POINT('Origin',(50.,50.,10.));
#3707=CARTESIAN_POINT('Origin',(50.,50.,0.));
#3708=CARTESIAN_POINT('Origin',(99.991852433027,6.82392257415881,0.));
#3709=CARTESIAN_POINT('',(96.833427637765,6.82392438042546,0.));
#3710=CARTESIAN_POINT('',(99.991852433027,6.82392257415881,0.));
#3711=CARTESIAN_POINT('',(96.833427637765,6.82392438042546,0.));
#3712=CARTESIAN_POINT('',(96.833427637765,6.82392438042546,10.));
#3713=CARTESIAN_POINT('',(96.833427637765,6.82392438042546,0.));
#3714=CARTESIAN_POINT('',(99.991852433027,6.82392257415881,10.));
#3715=CARTESIAN_POINT('',(96.833427637765,6.82392438042546,10.));
#3716=CARTESIAN_POINT('',(99.991852433027,6.82392257415881,0.));
#3717=CARTESIAN_POINT('Origin',(100.,5.,0.));
#3718=CARTESIAN_POINT('',(100.,5.,0.));
#3719=CARTESIAN_POINT('',(99.991852433027,6.82392257415881,0.));
#3720=CARTESIAN_POINT('',(100.,5.,10.));
#3721=CARTESIAN_POINT('',(99.991852433027,6.82392257415881,10.));
#3722=CARTESIAN_POINT('',(100.,5.,0.));
#3723=CARTESIAN_POINT('Origin',(95.,5.,0.));
#3724=CARTESIAN_POINT('',(95.,0.,0.));
#3725=CARTESIAN_POINT('Origin',(95.,5.,0.));
#3726=CARTESIAN_POINT('',(95.,0.,10.));
#3727=CARTESIAN_POINT('Origin',(95.,5.,10.));
#3728=CARTESIAN_POINT('',(95.,0.,0.));
#3729=CARTESIAN_POINT('Origin',(75.,0.,0.));
#3730=CARTESIAN_POINT('',(75.,0.,0.));
#3731=CARTESIAN_POINT('',(75.,0.,0.));
#3732=CARTESIAN_POINT('',(75.,0.,10.));
#3733=CARTESIAN_POINT('',(75.,0.,10.));
#3734=CARTESIAN_POINT('',(75.,0.,0.));
#3735=CARTESIAN_POINT('Origin',(75.,5.,0.));
#3736=CARTESIAN_POINT('',(70.,5.,0.));
#3737=CARTESIAN_POINT('Origin',(75.,5.,0.));
#3738=CARTESIAN_POINT('',(70.,5.,10.));
#3739=CARTESIAN_POINT('Origin',(75.,5.,10.));
#3740=CARTESIAN_POINT('',(70.,5.,0.));
#3741=CARTESIAN_POINT('Origin',(70.0000010430813,6.82392438042546,0.));
#3742=CARTESIAN_POINT('',(70.0000010430813,6.82392438042546,0.));
#3743=CARTESIAN_POINT('',(70.0000010430813,6.82392438042546,0.));
#3744=CARTESIAN_POINT('',(70.0000010430813,6.82392438042546,10.));
#3745=CARTESIAN_POINT('',(70.0000010430813,6.82392438042546,10.));
#3746=CARTESIAN_POINT('',(70.0000010430813,6.82392438042546,0.));
#3747=CARTESIAN_POINT('Origin',(96.833427637765,6.82392438042546,0.));
#3748=CARTESIAN_POINT('',(96.833427637765,6.82392438042546,0.));
#3749=CARTESIAN_POINT('',(96.833427637765,6.82392438042546,10.));
#3750=CARTESIAN_POINT('Origin',(50.,50.,10.));
#3751=CARTESIAN_POINT('Origin',(50.,50.,0.));
#3752=CARTESIAN_POINT('Origin',(30.,5.,0.));
#3753=CARTESIAN_POINT('',(30.0000004470348,6.82392438042546,0.));
#3754=CARTESIAN_POINT('',(30.,5.,0.));
#3755=CARTESIAN_POINT('',(30.0000004470348,6.82392438042546,0.));
#3756=CARTESIAN_POINT('',(30.0000004470348,6.82392438042546,10.));
#3757=CARTESIAN_POINT('',(30.0000004470348,6.82392438042546,0.));
#3758=CARTESIAN_POINT('',(30.,5.,10.));
#3759=CARTESIAN_POINT('',(30.0000004470348,6.82392438042546,10.));
#3760=CARTESIAN_POINT('',(30.,5.,0.));
#3761=CARTESIAN_POINT('Origin',(25.,5.,0.));
#3762=CARTESIAN_POINT('',(25.,0.,0.));
#3763=CARTESIAN_POINT('Origin',(25.,5.,0.));
#3764=CARTESIAN_POINT('',(25.,0.,10.));
#3765=CARTESIAN_POINT('Origin',(25.,5.,10.));
#3766=CARTESIAN_POINT('',(25.,0.,0.));
#3767=CARTESIAN_POINT('Origin',(5.,0.,0.));
#3768=CARTESIAN_POINT('',(5.,0.,0.));
#3769=CARTESIAN_POINT('',(5.,0.,0.));
#3770=CARTESIAN_POINT('',(5.,0.,10.));
#3771=CARTESIAN_POINT('',(5.,0.,10.));
#3772=CARTESIAN_POINT('',(5.,0.,0.));
#3773=CARTESIAN_POINT('Origin',(5.,5.,0.));
#3774=CARTESIAN_POINT('',(0.,5.,0.));
#3775=CARTESIAN_POINT('Origin',(5.,5.,0.));
#3776=CARTESIAN_POINT('',(0.,5.,10.));
#3777=CARTESIAN_POINT('Origin',(5.,5.,10.));
#3778=CARTESIAN_POINT('',(0.,5.,0.));
#3779=CARTESIAN_POINT('Origin',(0.,7.00000010430813,0.));
#3780=CARTESIAN_POINT('',(0.,7.00000010430813,0.));
#3781=CARTESIAN_POINT('',(0.,7.00000010430813,0.));
#3782=CARTESIAN_POINT('',(0.,7.00000010430813,10.));
#3783=CARTESIAN_POINT('',(0.,7.00000010430813,10.));
#3784=CARTESIAN_POINT('',(0.,7.00000010430813,0.));
#3785=CARTESIAN_POINT('Origin',(5.44884206245874,6.82392438042546,0.));
#3786=CARTESIAN_POINT('',(5.44884206245874,6.82392438042546,0.));
#3787=CARTESIAN_POINT('',(5.44884206245874,6.82392438042546,0.));
#3788=CARTESIAN_POINT('',(5.44884206245874,6.82392438042546,10.));
#3789=CARTESIAN_POINT('',(5.44884206245874,6.82392438042546,10.));
#3790=CARTESIAN_POINT('',(5.44884206245874,6.82392438042546,0.));
#3791=CARTESIAN_POINT('Origin',(30.0000004470348,6.82392438042546,0.));
#3792=CARTESIAN_POINT('',(26.1664735450687,6.82392438042546,0.));
#3793=CARTESIAN_POINT('',(26.1664735450687,6.82392438042546,10.));
#3794=CARTESIAN_POINT('Origin',(50.,50.,10.));
#3795=CARTESIAN_POINT('Origin',(50.,50.,0.));
#3796=CARTESIAN_POINT('Origin',(5.,95.,0.));
#3797=CARTESIAN_POINT('',(5.,100.,0.));
#3798=CARTESIAN_POINT('',(0.,95.,0.));
#3799=CARTESIAN_POINT('Origin',(5.,95.,0.));
#3800=CARTESIAN_POINT('',(0.,95.,10.));
#3801=CARTESIAN_POINT('',(0.,95.,0.));
#3802=CARTESIAN_POINT('',(5.,100.,10.));
#3803=CARTESIAN_POINT('Origin',(5.,95.,10.));
#3804=CARTESIAN_POINT('',(5.,100.,0.));
#3805=CARTESIAN_POINT('Origin',(25.,100.,0.));
#3806=CARTESIAN_POINT('',(25.,100.,0.));
#3807=CARTESIAN_POINT('',(25.,100.,0.));
#3808=CARTESIAN_POINT('',(25.,100.,10.));
#3809=CARTESIAN_POINT('',(25.,100.,10.));
#3810=CARTESIAN_POINT('',(25.,100.,0.));
#3811=CARTESIAN_POINT('Origin',(25.,95.,0.));
#3812=CARTESIAN_POINT('',(30.,95.,0.));
#3813=CARTESIAN_POINT('Origin',(25.,95.,0.));
#3814=CARTESIAN_POINT('',(30.,95.,10.));
#3815=CARTESIAN_POINT('Origin',(25.,95.,10.));
#3816=CARTESIAN_POINT('',(30.,95.,0.));
#3817=CARTESIAN_POINT('Origin',(0.,95.,0.));
#3818=CARTESIAN_POINT('',(0.,95.,0.));
#3819=CARTESIAN_POINT('',(0.,95.,10.));
#3820=CARTESIAN_POINT('Origin',(50.,50.,10.));
#3821=CARTESIAN_POINT('Origin',(50.,50.,0.));
#3822=UNCERTAINTY_MEASURE_WITH_UNIT(LENGTH_MEASURE(0.01),#3826,
'DISTANCE_ACCURACY_VALUE',
'Maximum model space distance between geometric entities at asserted c
onnectivities');
#3823=UNCERTAINTY_MEASURE_WITH_UNIT(LENGTH_MEASURE(0.01),#3826,
'DISTANCE_ACCURACY_VALUE',
'Maximum model space distance between geometric entities at asserted c
onnectivities');
#3824=(
GEOMETRIC_REPRESENTATION_CONTEXT(3)
GLOBAL_UNCERTAINTY_ASSIGNED_CONTEXT((#3822))
GLOBAL_UNIT_ASSIGNED_CONTEXT((#3826,#3828,#3829))
REPRESENTATION_CONTEXT('','3D')
);
#3825=(
GEOMETRIC_REPRESENTATION_CONTEXT(3)
GLOBAL_UNCERTAINTY_ASSIGNED_CONTEXT((#3823))
GLOBAL_UNIT_ASSIGNED_CONTEXT((#3826,#3828,#3829))
REPRESENTATION_CONTEXT('','3D')
);
#3826=(
LENGTH_UNIT()
NAMED_UNIT(*)
SI_UNIT(.MILLI.,.METRE.)
);
#3827=(
LENGTH_UNIT()
NAMED_UNIT(*)
SI_UNIT($,.METRE.)
);
#3828=(
NAMED_UNIT(*)
PLANE_ANGLE_UNIT()
SI_UNIT($,.RADIAN.)
);
#3829=(
NAMED_UNIT(*)
SI_UNIT($,.STERADIAN.)
SOLID_ANGLE_UNIT()
);
#3830=SHAPE_DEFINITION_REPRESENTATION(#3831,#3832);
#3831=PRODUCT_DEFINITION_SHAPE('',$,#3834);
#3832=SHAPE_REPRESENTATION('',(#2298),#3824);
#3833=PRODUCT_DEFINITION_CONTEXT('part definition',#3838,'design');
#3834=PRODUCT_DEFINITION('base','base',#3835,#3833);
#3835=PRODUCT_DEFINITION_FORMATION('',$,#3840);
#3836=PRODUCT_RELATED_PRODUCT_CATEGORY('base','base',(#3840));
#3837=APPLICATION_PROTOCOL_DEFINITION('international standard',
'automotive_design',2009,#3838);
#3838=APPLICATION_CONTEXT(
'Core Data for Automotive Mechanical Design Process');
#3839=PRODUCT_CONTEXT('part definition',#3838,'mechanical');
#3840=PRODUCT('base','base',$,(#3839));
#3841=PRESENTATION_STYLE_ASSIGNMENT((#3842));
#3842=SURFACE_STYLE_USAGE(.BOTH.,#3843);
#3843=SURFACE_SIDE_STYLE('',(#3844));
#3844=SURFACE_STYLE_FILL_AREA(#3845);
#3845=FILL_AREA_STYLE('Steel - Satin',(#3846));
#3846=FILL_AREA_STYLE_COLOUR('Steel - Satin',#3847);
#3847=COLOUR_RGB('Steel - Satin',0.627450980392157,0.627450980392157,0.627450980392157);
ENDSEC;
END-ISO-10303-21;
